post_status,post_id,post_time,user_id,user_rep,user_age,tag_num,is_tag_pop,is_tag_com,tag_cat,title_len,title_words,is_title_qst,n_tags_in_title,body_len,code_seg,code_lines,n_tags_in_text,sent_num,sent_qst
1,2919564,877,299757,21,64,1,0,0,0,60,12,0,0,165,0,0,0,3,2
1,10714988,1604,513956,1040,550,2,1,1,0,41,5,1,1,652,1,0,1,6,2
1,11018200,1625,983827,36,250,3,1,1,0,23,4,0,1,717,0,0,5,8,1
1,6843932,1303,418343,945,349,5,1,1,1,78,15,0,0,401,1,2,2,3,0
1,10356302,1578,1350162,17,4,3,1,1,0,30,3,1,2,303,1,6,1,2,1
4,12419458,1718,932336,18,372,3,1,1,1,70,10,0,2,428,0,0,2,8,0
4,12353760,1714,1637898,1,10,5,0,1,3,67,9,0,3,328,0,0,8,5,2
2,10310748,1576,117362,8911,1055,1,1,1,0,52,9,1,0,325,0,0,0,3,1
3,11117481,1632,1266681,11,98,4,1,1,2,86,11,1,1,759,0,0,4,9,1
1,6857352,1304,636252,208,151,4,1,1,1,17,4,0,1,536,1,13,0,0,0
1,8233875,1421,1049097,130,485,3,1,1,2,57,11,0,0,413,0,0,0,4,2
4,12808185,1743,1732975,1,0,3,0,1,3,61,12,1,0,585,0,0,2,5,1
1,11900515,1683,1551555,1,15,5,1,1,1,85,12,0,1,889,0,0,3,8,0
3,8023888,1404,962891,102,42,2,1,1,1,26,5,1,1,418,0,0,8,5,1
2,11213873,1638,1035477,63,231,3,0,1,3,37,6,0,3,125,0,0,3,2,1
1,7349010,1346,802147,1,83,1,1,1,1,25,4,0,1,929,1,27,0,4,1
2,4039066,1031,489553,1,0,5,1,1,1,120,14,0,4,614,1,9,5,3,0
1,9773624,1539,1259828,2,9,2,1,1,1,80,14,0,0,624,0,0,1,5,2
2,9075741,1491,1140823,3,20,2,1,1,0,36,8,1,0,170,0,0,1,4,1
1,5313790,1169,230719,215,456,3,1,1,1,37,6,0,1,535,2,2,0,5,1
4,8425060,1437,998226,3,52,3,1,1,0,60,9,0,3,87,0,0,3,1,1
1,12055942,1694,1396240,96,98,5,1,1,1,41,7,0,0,798,2,3,5,8,0
1,8270550,1424,991047,118,44,1,1,1,1,53,7,0,1,301,2,2,0,4,1
1,10304723,1575,1055069,3,157,2,1,1,1,67,11,1,2,151,0,0,2,4,2
2,9177177,1498,1194740,1,0,1,1,1,0,63,14,0,0,96,0,0,0,1,0
1,3159678,912,67350,118,499,3,1,1,1,35,4,0,1,1219,2,5,5,9,1
2,5485085,1184,635271,1,32,1,1,1,2,46,8,0,1,70,0,0,1,1,0
1,11095585,1631,1465539,1,0,3,1,1,0,23,3,0,1,438,1,3,4,5,0
1,8963170,1482,1163694,1,0,3,1,1,1,48,8,1,1,670,0,0,3,4,2
4,1314616,598,1390354,1127,313,4,1,1,3,88,14,1,1,454,0,0,2,3,1
2,10902008,1617,1437968,1,0,1,1,1,0,72,15,0,1,436,0,0,1,5,0
4,3038779,895,74415,483,465,5,1,1,2,31,4,1,2,815,0,0,6,10,4
3,12804692,1743,1285360,1203,201,3,1,1,1,28,5,0,1,5648,2,94,4,9,0
1,8086322,1409,416518,1948,457,5,1,1,1,77,11,0,0,3727,2,26,1,8,1
1,9630349,1529,1196370,58,30,4,1,1,1,79,15,1,3,2588,3,83,3,4,0
3,3742482,991,450829,1,0,1,0,0,0,69,14,0,1,855,0,0,2,13,1
2,6320781,1258,794572,1,0,3,1,1,1,31,6,1,2,100,0,0,2,2,1
3,1447056,626,47630,1577,273,3,0,1,3,47,11,1,1,281,0,0,2,3,3
2,11427117,1653,1345376,284,82,4,0,1,3,68,11,1,2,335,0,0,4,4,0
3,10218119,1569,996431,1072,186,1,1,1,1,25,4,0,1,187,1,0,2,2,0
2,5669024,1199,708674,1,0,3,1,1,1,47,6,0,0,415,0,0,0,5,0
2,8444418,1438,869470,13,132,3,0,1,2,32,5,0,0,293,0,0,0,4,1
5,6068777,1235,762300,1,0,1,1,1,2,22,4,0,0,352,0,0,1,5,0
2,10347054,1578,1287714,3,35,4,1,1,1,59,10,0,1,576,1,0,0,4,0
1,5632770,1197,679491,38,15,2,1,1,1,73,12,1,1,867,1,2,2,6,2
2,10316570,1576,1231255,3,60,4,1,1,3,42,7,0,2,445,0,0,7,3,0
1,3346365,938,114474,1766,423,4,1,1,1,30,7,0,1,93,0,0,1,2,1
1,10340178,1577,1320918,13,17,3,1,1,1,29,4,0,1,942,0,0,3,7,2
2,6739793,1294,850877,1,0,2,0,1,0,33,5,0,1,221,0,0,0,4,1
2,4615873,1101,274359,727,324,2,1,1,1,16,2,0,0,77,0,0,1,2,2
1,7517274,1360,102,4753,1146,5,1,1,1,66,11,1,1,330,0,0,2,4,3
1,12174229,1702,1093513,6,260,3,1,1,3,48,7,0,1,1143,3,22,0,4,0
2,11095951,1631,1294659,9,84,1,0,1,0,49,8,0,0,507,1,0,0,7,0
1,6569875,1280,467255,331,271,4,1,1,2,41,8,0,0,4473,8,52,6,10,0
3,1714337,680,208573,1,0,4,1,1,2,30,6,0,2,175,0,0,2,2,1
3,10987594,1623,1099235,1,179,5,1,1,1,59,8,0,1,666,0,0,4,7,0
1,2549896,820,264975,141,55,2,1,1,1,31,4,0,1,429,0,0,2,6,2
3,10940363,1619,1136469,6,151,3,1,1,1,44,8,0,1,1062,0,0,7,12,4
2,3327741,936,306719,61,114,5,1,1,1,38,5,0,1,3305,3,11,10,23,3
2,11179445,1636,1478193,1,0,3,1,1,3,48,11,0,1,287,0,0,0,3,1
4,10859761,1614,1212887,34,107,5,0,1,3,89,16,1,1,795,0,0,1,1,0
2,8766189,1467,1120963,1,8,1,1,1,1,98,17,1,1,178,0,0,1,1,1
4,5779473,1210,437503,153,235,1,1,1,0,42,10,1,1,179,0,0,1,2,1
1,12075700,1695,278949,144,911,2,1,1,2,63,13,0,1,1077,1,13,1,6,1
2,11251893,1640,1296178,417,93,1,1,1,1,32,8,1,1,158,0,0,1,2,2
1,12504533,1724,111479,2646,1215,1,0,1,3,58,10,0,0,293,0,0,0,3,1
4,11934458,1686,1595299,1,0,1,1,1,0,55,6,0,1,781,0,0,1,7,0
5,12530196,1725,1635645,1,22,1,1,1,1,38,8,0,0,1778,9,40,2,13,0
3,10417161,1583,966858,54,218,5,1,1,1,67,11,1,2,269,0,0,4,4,2
5,9247453,1503,975469,44,132,1,0,1,0,16,3,0,1,706,0,0,2,6,1
5,6910869,1309,149753,112,728,1,1,1,3,93,13,1,0,411,0,0,0,5,0
2,12799007,1743,810262,980,474,4,1,1,1,67,9,0,3,181,0,0,4,3,2
3,931908,516,114343,28,1,2,1,1,2,72,13,1,2,144,0,0,2,1,0
3,1203308,575,47630,1318,222,2,1,1,2,25,6,1,0,423,0,0,2,5,1
1,11486446,1656,1521984,41,1,3,0,1,0,47,6,0,0,711,1,17,0,4,2
1,3874481,1009,465838,156,2,4,1,1,1,97,18,1,1,1005,1,7,7,5,1
2,10315780,1576,1356161,1,0,4,1,1,3,46,11,0,0,210,0,0,0,2,0
2,12652756,1733,1318313,333,175,4,0,1,1,23,5,0,1,609,0,0,3,4,1
5,10739565,1605,1193596,114,107,3,1,1,1,43,8,0,1,1272,3,11,3,8,0
1,4715544,1112,552339,1,25,4,1,1,1,52,8,0,2,396,0,0,2,5,1
2,7750509,1381,992876,1,0,1,1,1,1,72,13,0,0,162,1,2,1,1,0
5,7633338,1371,603976,150,240,1,1,1,1,52,9,0,0,2383,2,17,0,14,0
1,415896,371,51967,1,0,3,1,1,1,95,15,1,1,588,0,0,1,7,1
2,8289487,1426,962489,8,64,5,1,1,1,73,14,0,1,549,0,0,5,5,1
3,10694076,1602,774740,93,359,2,0,1,3,24,4,1,1,428,0,0,2,3,1
1,9430457,1515,1202252,1,13,3,1,1,1,57,9,0,1,243,1,0,0,4,0
2,11612868,1665,1306139,13,113,3,1,1,3,38,7,1,0,137,0,0,0,3,1
3,11916824,1684,1592552,1,0,3,1,1,0,77,13,0,0,534,0,0,0,2,0
3,7302114,1342,880717,20,30,5,1,1,1,47,8,1,2,303,0,0,2,3,0
1,9749935,1537,1031034,119,133,2,1,1,1,30,3,0,0,207,0,0,1,3,1
1,11697053,1669,73003,47,1243,3,1,1,2,48,7,0,1,909,0,0,3,6,2
1,4593796,1099,172376,67,479,1,0,1,2,31,4,0,1,576,0,0,0,6,0
1,1407359,618,164419,3,14,3,1,1,1,100,20,0,1,2069,7,7,1,13,0
1,1687014,675,202130,23,2,3,0,1,0,19,4,0,1,1302,3,15,2,12,1
2,12739776,1739,1138974,116,269,2,1,1,0,101,20,0,0,159,1,3,0,0,0
3,101100,262,10171,61,3,3,1,1,1,16,4,0,3,326,0,0,3,4,0
1,6458323,1269,811230,1,0,3,1,1,0,34,7,1,0,649,0,0,0,5,2
1,2607668,829,195910,34,166,3,1,1,2,31,4,0,0,828,2,6,0,4,1
1,5866889,1218,735729,1,0,3,1,1,1,46,6,0,0,1821,5,20,0,9,0
1,7109531,1325,900843,1,0,2,0,1,1,27,4,0,2,646,0,0,4,11,1
2,12592519,1729,1672328,1,11,5,1,1,1,59,12,1,2,366,0,0,4,5,2
2,6317681,1257,631704,1,107,2,1,1,1,32,6,0,1,435,1,0,0,1,0
3,7591833,1367,845371,27,76,3,1,1,1,46,7,1,2,521,0,0,8,7,2
4,9313802,1507,1211706,1,0,2,0,1,0,57,12,0,0,242,0,0,0,3,0
2,6813125,1301,824230,12,24,2,1,1,1,35,4,0,0,279,0,0,0,2,0
1,9440804,1516,686567,296,330,5,1,1,2,67,7,0,0,471,0,0,0,5,1
2,3900047,1013,454770,51,18,3,1,1,1,36,8,1,0,194,0,0,0,2,0
1,2753345,852,241166,61,122,5,1,1,2,62,8,0,0,430,1,0,1,4,1
4,10299578,1575,1353850,11,350,3,0,1,3,47,10,1,2,612,0,0,5,8,0
4,9634596,1529,1032774,1,123,1,0,0,0,24,4,0,1,432,2,0,1,5,2
1,10505516,1589,1141093,88,119,1,1,1,1,65,10,0,0,786,2,8,1,6,1
2,2316495,784,249931,65,40,1,1,1,1,25,6,0,0,274,0,0,1,2,0
1,7435418,1353,786718,1197,100,3,1,1,0,35,5,0,0,2047,2,6,3,20,4
2,3792465,998,238469,176,274,4,1,1,1,73,12,1,2,442,0,0,2,6,2
1,11261057,1641,1458109,1,14,2,1,1,0,46,10,1,1,1488,4,18,2,8,1
2,9736032,1536,1273163,1,0,1,1,1,1,56,10,0,1,327,1,0,1,2,0
1,4252982,1057,372678,94,365,5,1,1,1,55,6,1,0,2575,0,0,1,28,0
1,11158517,1634,509600,2374,584,3,1,1,1,55,9,1,0,2342,1,36,0,5,3
1,2019873,737,180235,39,101,1,0,1,0,64,9,0,0,460,0,0,0,6,1
1,11619499,1665,1546787,1,0,3,0,1,0,68,10,1,2,5783,36,78,10,43,1
2,2279275,778,275060,1,0,1,0,1,0,54,10,0,1,54,0,0,1,1,0
1,631884,434,76322,1,0,3,1,1,1,31,6,0,3,302,1,2,4,3,2
3,12027862,1692,1352015,6,117,2,1,1,1,46,10,1,1,70,0,0,1,1,0
3,12601427,1730,1700147,1,0,3,1,1,2,79,13,1,2,267,0,0,2,4,2
2,11106103,1631,1401984,1,32,1,0,0,0,48,10,0,0,1014,1,0,1,4,0
5,5410718,1177,641960,17,20,3,1,1,3,25,3,0,3,11557,5,301,3,9,0
1,9704624,1534,856282,203,236,3,1,1,1,59,10,0,1,3236,9,29,8,19,1
1,6362418,1261,791991,15,5,3,1,1,2,66,9,0,2,1632,3,31,3,7,1
3,11482617,1656,1525364,1,0,2,0,1,0,50,7,1,1,220,0,0,1,1,0
2,12692190,1736,1629996,1,35,2,1,1,2,88,16,0,1,1108,5,12,0,8,0
1,5511647,1186,596831,90,190,2,1,1,1,33,6,0,1,397,0,0,2,5,0
4,5950300,1225,683698,28,41,4,0,1,0,84,13,0,4,572,0,0,4,5,1
1,9997304,1554,576149,37,444,3,0,1,2,42,8,0,0,3532,2,2,1,8,0
4,12572660,1728,1695564,1,0,4,1,1,3,66,10,0,0,549,0,0,0,8,3
1,9790539,1540,651758,117,377,3,1,1,1,75,13,0,2,495,3,8,0,4,0
3,3514737,960,386423,6,41,4,1,1,1,35,6,1,0,485,1,4,4,6,2
1,5453247,1181,466871,13,173,2,1,1,2,74,12,0,1,1704,2,18,0,7,0
2,7217476,1334,531597,25,264,4,1,1,1,16,3,0,0,593,0,0,1,9,1
1,12732134,1738,1719594,1,0,3,0,1,0,25,4,0,3,913,3,20,1,6,0
3,3261683,927,79109,553,485,3,1,1,1,27,5,1,1,237,0,0,4,3,1
1,7804404,1386,385469,806,467,5,1,1,3,30,5,0,1,2540,8,20,5,11,0
1,11327330,1646,1293055,105,99,2,1,1,1,16,3,0,0,571,0,0,1,3,1
1,7576095,1365,156458,2893,774,1,1,1,3,50,10,1,1,323,0,0,1,5,1
2,12595599,1730,1699302,1,0,4,1,1,1,43,8,0,1,122,0,0,2,1,0
1,4899328,1130,352024,1,253,1,1,1,0,43,5,0,1,118,0,0,1,2,1
1,7922820,1395,265706,1381,630,4,1,1,1,38,4,0,1,324,2,0,0,6,3
2,10568448,1594,1391653,1,0,2,0,1,2,44,8,1,1,247,0,0,2,4,1
1,10784945,1609,1074294,109,179,5,1,1,1,31,5,0,0,717,2,0,0,13,1
2,10248061,1571,1175502,1,82,3,1,1,3,66,12,0,1,359,0,0,5,3,1
1,11430947,1653,1514702,3,0,3,1,1,2,62,11,0,0,998,7,17,2,9,0
2,12294251,1710,1512311,15,58,2,1,1,1,38,8,0,2,178,0,0,2,1,0
1,2347042,788,99834,918,300,5,1,1,1,91,14,1,1,1626,0,0,13,11,1
3,10622535,1597,187762,126,948,5,1,1,1,48,9,1,1,116,0,0,0,1,0
2,12154781,1701,1559191,1,31,3,1,1,1,76,14,1,0,496,1,7,0,1,1
2,9327333,1508,964502,8,144,2,1,1,1,44,9,0,1,230,0,0,1,1,1
2,9936381,1550,1099047,1,106,2,1,1,3,48,8,1,1,446,0,0,1,4,2
2,8612350,1452,1053621,299,34,5,1,1,1,62,7,0,0,2920,1,50,0,2,0
1,2162917,759,261656,1,0,2,1,1,1,70,13,0,1,940,2,0,2,4,1
1,7191429,1332,180385,489,695,3,1,1,0,28,5,0,1,484,0,0,4,6,1
3,11676228,1668,693796,1,477,1,1,1,1,87,15,0,0,664,0,0,2,8,0
1,10886571,1616,995359,43,234,2,1,1,1,56,12,0,0,192,1,0,0,3,2
2,6916742,1309,875242,1,0,3,1,1,1,21,4,0,0,319,0,0,2,5,0
3,991715,529,20610,101,264,3,0,1,0,28,4,0,0,329,0,0,0,5,3
2,11546574,1660,382838,971,745,4,1,1,1,28,5,1,1,1240,0,0,2,13,4
1,772376,476,34568,219,167,3,1,1,1,46,7,0,0,427,2,0,0,4,1
4,10176641,1567,1327769,3,4,1,0,1,3,62,11,0,1,1519,3,6,3,15,1
4,11947399,1687,544275,161,607,2,0,1,3,54,9,0,1,344,0,0,3,2,1
1,5607079,1194,700188,1,0,3,1,1,1,26,4,0,1,5102,2,104,11,12,2
1,3627811,975,263170,39,213,3,1,1,1,50,10,0,0,856,2,10,1,6,2
1,8750794,1465,1033938,144,59,2,1,1,2,35,5,0,1,112,0,0,1,1,1
1,358967,345,20520,1182,82,3,1,1,3,73,15,1,0,1012,1,3,1,5,1
4,12691676,1736,459459,21,736,2,0,1,0,51,8,0,1,376,0,0,2,5,1
3,10852333,1613,1430920,1,0,1,1,1,1,32,5,0,1,192,0,0,1,3,1
2,9303813,1507,1189402,10,11,3,1,1,1,55,10,1,2,184,0,0,0,3,0
2,4940406,1135,604065,10,3,2,1,1,1,34,7,0,0,127,0,0,1,4,0
2,2857573,868,344054,1,0,2,1,1,1,23,4,0,2,277,0,0,1,4,0
2,8939146,1480,1147469,1,6,3,1,1,1,99,16,0,1,216,0,0,4,3,2
2,12567552,1728,908425,936,397,3,1,1,1,59,9,1,2,355,0,0,2,4,1
1,6271823,1253,589629,3,133,1,0,1,3,50,11,0,0,1694,4,17,0,9,1
4,8040425,1406,993769,1,25,4,1,1,0,42,7,0,3,537,0,0,7,5,2
2,11537451,1660,1534117,1,0,1,1,1,1,41,9,1,0,304,0,0,0,3,0
1,9970721,1553,1192151,6,55,3,1,1,3,27,6,1,1,197,0,0,4,5,1
5,2791514,857,313122,26,28,4,1,1,1,43,8,0,0,603,0,0,2,6,1
1,2724771,847,69742,4765,428,4,1,1,3,49,6,0,1,972,3,7,2,8,1
2,8668554,1458,550705,18,372,5,1,1,3,42,7,0,1,1270,0,0,5,10,1
1,11258413,1641,994622,1,259,5,1,1,1,70,9,0,2,3997,0,0,5,20,1
1,11948166,1687,799493,144,425,3,1,1,1,51,7,0,1,928,3,10,7,5,0
5,11710846,1671,1561199,1,0,3,1,1,1,20,3,0,2,493,2,0,2,4,1
1,8481301,1441,329637,14491,591,1,1,1,1,66,8,1,0,601,0,0,1,6,0
1,10257570,1572,1332606,3,7,5,1,1,2,23,3,0,1,1019,0,0,4,10,2
5,2183678,763,246776,34,24,2,1,1,0,74,13,0,1,552,0,0,2,7,1
4,8414292,1436,1085372,1,0,1,0,1,3,36,6,0,1,202,0,0,1,2,1
1,4379764,1071,526518,55,6,1,1,1,1,77,15,1,1,25,0,0,0,1,0
1,6687693,1290,843743,1,0,1,1,1,0,60,10,0,0,1392,5,17,3,12,0
2,12760358,1740,1725137,1,0,4,1,1,1,83,12,0,1,876,1,0,7,6,0
1,10990817,1624,1433639,8,8,3,0,1,3,28,6,0,0,282,0,0,1,2,0
1,2110440,751,105570,2766,253,5,1,1,1,44,9,1,1,2606,2,6,17,17,5
4,12740994,1739,1452932,3,114,1,0,0,0,15,3,0,0,480,0,0,4,8,1
1,2123692,753,197255,5,88,1,0,1,2,29,4,0,0,493,1,3,0,4,1
2,10529797,1591,1081364,1,156,2,1,1,0,37,7,0,0,144,0,0,1,4,2
3,5542428,1189,290994,3,389,4,0,1,0,48,9,1,3,642,2,0,7,5,2
1,8340636,1430,413174,755,481,2,1,1,1,109,21,0,1,1887,1,43,2,4,1
1,6420826,1267,305135,6,447,5,0,1,0,33,5,0,2,254,0,0,6,2,1
1,9257293,1504,1127692,1,40,3,0,1,1,75,14,0,2,2145,3,33,3,8,1
1,3527656,962,219509,324,266,5,1,1,3,61,11,1,2,582,0,0,7,4,1
3,3246940,925,373138,15,22,4,1,1,0,66,12,1,2,532,0,0,3,7,2
1,10801079,1610,400742,42,675,3,1,1,1,94,18,0,1,610,3,0,2,5,1
3,9411190,1514,75642,20746,1080,3,1,1,1,76,15,0,2,89,0,0,0,2,2
2,9221453,1501,1200246,1,0,2,1,1,1,25,5,0,1,134,0,0,0,1,0
3,6068505,1235,677839,1,54,2,1,1,1,43,6,0,1,219,0,0,1,1,0
1,9238126,1502,1066839,54,76,3,0,1,3,38,6,0,1,5215,8,2,12,15,0
1,9237458,1502,1100083,1,57,2,1,1,1,73,9,0,2,405,0,0,2,3,0
4,11631709,1666,1540950,5,3,2,1,1,0,94,17,0,0,579,0,0,0,5,0
1,6907105,1309,73056,186,882,4,1,1,1,78,14,1,1,327,0,0,2,3,2
1,11322300,1646,343817,65,777,3,1,1,1,30,7,0,1,1089,3,18,3,10,2
1,5311007,1169,486578,749,140,1,0,1,2,31,7,0,1,34,0,0,1,1,1
4,9573186,1525,823982,11,248,3,1,1,2,28,4,0,3,166,0,0,3,2,1
2,12595191,1730,1679856,1,7,3,1,1,2,52,10,0,2,246,0,0,2,5,0
2,5131033,1153,275084,46,374,1,0,1,0,32,6,0,0,372,0,0,0,6,2
1,8353169,1431,1075453,1,0,2,0,1,0,57,10,0,2,772,0,0,4,9,3
1,10808844,1611,457760,255,613,2,1,1,1,45,6,1,0,866,2,16,0,7,1
2,11186349,1637,1479260,1,0,3,1,1,1,55,11,1,1,192,0,0,2,1,0
5,11519065,1659,1210959,16,152,4,1,1,1,26,4,0,0,342,0,0,1,5,1
1,11147007,1633,1464355,1,3,1,0,1,1,40,8,0,1,376,2,10,0,1,0
3,12779463,1742,1460078,16,114,3,1,1,1,53,10,0,1,667,0,0,2,3,1
1,5784740,1211,356635,10137,327,4,1,1,1,30,5,0,0,1123,4,8,2,10,1
2,10893796,1617,800910,254,369,1,1,1,1,49,8,0,0,227,0,0,0,3,0
2,11114982,1632,1401512,1,33,1,1,1,0,35,7,1,1,263,0,0,1,1,0
1,9663259,1532,1263530,1,0,2,1,1,1,38,9,0,2,718,0,0,6,6,1
1,11456611,1654,1496641,31,10,3,0,1,1,51,11,0,1,226,1,5,0,5,1
1,9225613,1501,634710,1148,349,3,1,1,0,60,8,0,0,389,0,0,0,6,1
2,5923694,1222,743384,1,0,5,1,1,1,30,7,1,1,685,0,0,4,3,1
1,6104584,1239,699632,1913,47,2,1,1,1,38,7,0,1,1014,0,0,7,7,1
5,10604995,1596,1298685,66,48,5,1,1,1,40,8,1,1,532,2,6,1,5,1
2,9607478,1527,1255497,1,0,3,0,1,0,41,6,0,1,360,0,0,2,4,0
2,7098972,1324,681159,144,141,3,1,1,1,16,3,0,1,413,0,0,1,6,2
2,2946861,882,301209,18,68,2,1,1,1,39,8,0,1,34,0,0,1,1,0
2,10190469,1568,1259536,14,38,2,1,1,1,29,5,0,0,166,0,0,0,2,1
1,4064271,1034,313978,111,203,4,1,1,1,82,13,1,0,461,0,0,1,5,1
4,12731632,1738,1720683,1,0,3,1,1,0,47,10,1,2,274,0,0,3,4,1
1,10958414,1621,222888,3,919,5,1,1,0,52,8,0,1,6883,2,172,4,15,0
1,6117106,1239,134176,2400,686,2,0,1,0,78,15,0,1,433,0,0,1,4,0
1,6271132,1253,788127,1,0,5,1,1,1,56,9,1,0,1171,2,8,3,8,2
3,1675409,673,127707,707,134,5,1,1,1,29,4,1,3,218,0,0,4,1,1
1,12200029,1703,1084568,40,267,4,1,1,2,61,11,1,0,618,0,0,2,6,1
2,9589413,1526,1252931,1,0,2,1,1,0,60,11,0,1,124,0,0,0,3,2
2,5496799,1185,640657,53,29,1,0,1,1,76,14,0,1,82,0,0,1,1,0
5,12765022,1741,1723905,24,1,5,1,1,1,55,10,1,0,4850,14,22,1,23,1
1,9455879,1517,1232884,11,1,3,1,1,0,27,4,0,2,2280,3,13,4,9,0
3,459974,385,15124,5891,124,3,0,1,1,99,17,1,0,2334,0,0,3,12,1
4,12801747,1743,1162591,10,261,3,0,1,3,45,8,0,1,554,0,0,1,5,1
1,5350781,1172,209706,1209,490,3,1,1,1,35,5,0,2,820,0,0,2,7,1
2,12166379,1701,1413871,133,96,5,1,1,1,48,10,0,3,327,0,0,2,2,1
3,8059212,1408,20007,2095,1143,5,1,1,1,61,9,0,1,1479,0,0,3,12,3
1,4170532,1047,459514,126,46,2,1,1,1,26,4,0,2,1351,1,4,3,10,0
2,1326807,602,159197,12,5,1,1,1,0,18,2,0,1,105,0,0,0,2,2
1,9109802,1493,387640,110,572,2,1,1,2,35,5,0,1,2753,1,23,2,7,3
4,7319943,1344,532008,23,274,5,1,1,1,26,3,0,0,303,0,0,3,3,1
4,12306397,1710,514607,48,656,5,1,1,1,56,10,1,0,342,0,0,4,5,0
3,10803329,1610,924313,909,270,3,1,1,1,79,15,0,0,771,0,0,2,6,2
1,9017353,1486,279362,1007,702,3,1,1,1,66,6,0,0,638,0,0,2,6,1
1,3261332,927,393392,1,0,3,1,1,1,38,8,0,1,340,0,0,0,4,0
2,4259792,1057,265629,506,292,2,1,1,1,49,9,0,2,127,0,0,3,2,1
5,9569871,1525,1239592,4,5,2,1,1,1,22,3,0,2,857,0,0,0,9,4
1,12513277,1724,643271,1029,566,4,1,1,1,40,7,1,2,728,1,10,2,4,1
2,8157679,1415,1050380,1,0,3,1,1,1,27,5,0,2,266,0,0,2,3,1
2,12640671,1732,1706326,1,0,3,1,1,0,27,4,0,3,593,0,0,2,1,0
1,11577419,1662,1446302,1,40,5,1,1,1,59,11,0,1,795,0,0,3,1,0
4,8900122,1477,231196,1,764,3,1,1,3,56,9,1,1,394,0,0,2,6,1
2,5269865,1165,376115,27,258,3,1,1,1,64,12,0,2,85,0,0,1,1,0
1,581217,420,40872,271,90,3,1,1,1,59,9,0,1,482,0,0,2,7,1
2,8543301,1446,878296,1,134,1,0,1,2,30,5,0,1,323,0,0,0,2,0
1,20336,233,2171,1,0,2,0,1,0,31,5,0,0,443,0,0,2,7,3
5,9573309,1525,622331,107,381,5,1,1,1,91,17,0,1,1074,0,0,5,11,1
1,1681285,674,86296,1123,216,3,1,1,1,52,9,0,0,432,2,8,0,7,2
2,10152903,1565,1332899,11,0,1,1,1,0,28,4,0,1,173,0,0,1,2,0
2,8469511,1441,1093001,1,0,3,1,1,1,22,3,0,2,9081,1,397,2,3,0
1,3088629,902,302088,147,88,4,1,1,1,46,6,0,0,181,0,0,0,4,2
1,12243460,1707,749232,256,480,3,1,1,2,43,9,0,1,1219,3,9,1,9,1
1,1964331,725,221023,429,26,1,1,1,1,80,16,1,1,618,1,0,0,5,1
5,10100750,1562,1254613,5,34,2,0,1,3,29,6,0,0,202,0,0,1,1,0
3,9434920,1515,1121052,1,57,5,1,1,3,54,8,0,2,428,0,0,7,4,1
1,10269305,1573,651930,1,409,4,1,1,1,64,11,0,1,679,0,0,1,5,0
2,8230772,1421,118967,98,897,1,1,1,3,19,4,0,1,3797,0,0,1,22,0
2,6013831,1231,713789,78,461,2,1,1,2,57,9,1,1,405,0,0,3,6,0
4,12573155,1728,1341066,1,159,3,1,1,0,66,13,0,1,1144,0,0,3,12,2
3,9088366,1491,1181479,1,0,4,1,1,1,34,7,0,0,1369,0,0,2,9,1
1,4019789,1029,414027,232,79,1,1,1,2,28,4,0,0,455,1,5,0,3,0
1,11241924,1640,1405903,1,39,2,1,1,3,26,4,0,0,1898,3,40,0,4,0
1,8560266,1448,1000768,19,62,3,1,1,1,68,13,1,3,294,0,0,6,5,2
3,11923108,1685,1472304,3,52,1,0,1,0,65,11,0,0,282,0,0,2,4,1
1,11893945,1683,1365899,15,101,2,1,1,1,68,13,0,1,215,1,0,1,2,1
3,5056226,1146,119572,189,621,3,1,1,1,48,10,0,1,3211,9,8,26,33,3
1,7900934,1394,627005,2802,246,3,1,1,1,35,7,0,0,110,0,0,1,2,1
1,10103134,1562,1032191,76,156,2,1,1,1,26,3,0,1,324,0,0,1,3,2
1,10270438,1573,93647,1398,1097,1,1,1,1,33,8,1,0,241,1,3,0,3,1
1,3066471,899,271358,121,126,5,1,1,1,54,9,0,0,1095,0,0,8,12,1
5,10462829,1586,1376127,6,0,3,1,1,1,19,3,0,1,1577,0,0,8,8,0
2,9342292,1509,1218166,1,0,1,1,1,1,30,5,0,0,515,5,11,1,6,0
4,8764508,1466,1135170,1,0,3,1,1,2,22,4,0,2,557,0,0,1,5,1
2,10626798,1597,1271674,40,62,4,1,1,1,56,12,1,0,281,0,0,1,2,0
4,9998001,1554,1054530,6,136,2,0,0,0,32,5,1,0,84,0,0,0,1,1
5,12126341,1698,572504,680,591,2,1,1,1,134,17,0,1,567,1,12,2,2,0
1,6508819,1274,149045,2770,695,4,1,1,1,28,5,0,2,114,0,0,2,1,1
2,5466491,1183,675920,11,4,1,1,1,2,27,5,0,0,45,0,0,0,1,1
2,6016956,1231,688663,7,44,1,1,1,0,27,4,0,1,2138,2,5,0,13,2
2,4264433,1058,518431,1,0,1,0,0,0,24,4,0,0,123,0,0,0,4,1
2,11383233,1650,1480237,5,12,1,1,1,0,25,5,0,0,151,0,0,0,3,1
2,8585689,1450,1109200,1,0,1,1,1,1,18,3,0,0,1334,3,12,0,6,0
5,78703,260,14521,1,0,2,1,1,2,35,4,0,2,150,0,0,2,2,0
2,12421447,1718,1517801,30,64,4,1,1,3,28,5,0,1,189,0,0,2,1,1
4,3068656,899,288190,118,102,3,1,1,1,46,7,1,0,876,0,0,3,7,1
1,3710427,987,169640,397,372,3,1,1,3,38,6,0,1,296,0,0,2,5,2
2,9710945,1534,938731,21,185,5,1,1,1,27,3,0,0,683,0,0,4,9,1
1,10110051,1562,560065,331,465,2,1,1,1,44,8,0,2,542,3,0,4,7,1
2,12168509,1701,740561,1,481,3,1,1,0,39,6,1,2,234,0,0,1,3,0
1,12752386,1739,326389,2861,892,4,1,1,1,74,13,1,1,495,1,4,5,3,1
3,5244815,1163,609630,7,27,2,0,1,1,27,5,0,2,629,0,0,3,8,1
1,9224402,1501,818514,147,227,4,1,1,1,44,8,1,2,1009,0,0,7,6,1
3,12808483,1743,1434239,77,127,4,1,1,1,26,3,0,0,486,0,0,4,5,0
2,3327653,936,401310,1,0,3,1,1,1,22,4,0,1,426,2,5,1,4,1
2,6110585,1239,767688,1,0,1,1,1,1,55,8,0,0,321,0,0,1,2,0
1,12701735,1737,1460013,12,109,3,0,1,0,27,5,1,1,2329,3,37,1,7,0
3,8892050,1477,349760,103,601,2,1,1,1,58,10,1,1,1032,0,0,5,13,2
5,11624177,1666,1547457,1,0,4,0,1,3,110,22,0,2,29993,1,467,1,1,0
2,12556569,1727,697435,1,535,2,1,1,2,46,6,0,1,490,0,0,1,5,0
2,7075473,1323,831334,1,40,3,1,1,1,54,9,1,2,339,0,0,2,5,0
5,6834951,1302,233640,1,586,4,1,1,1,71,13,0,2,2373,2,28,10,9,1
4,3633877,976,438734,1,0,2,0,1,0,25,4,0,0,156,0,0,0,2,0
3,9481511,1519,995089,203,137,2,1,1,1,28,4,0,0,208,0,0,0,3,0
1,11352921,1647,143897,1342,1078,4,1,1,1,48,6,0,2,554,0,0,13,6,1
4,10085133,1561,1249370,1,35,2,0,0,0,30,3,0,1,221,0,0,2,2,0
5,12606748,1730,1339609,6,161,3,1,1,1,45,7,0,1,298,0,0,1,3,0
1,10943758,1620,91470,61,1149,2,0,1,3,71,14,1,1,152,0,0,1,2,2
4,12742910,1739,1006625,18,350,3,1,1,1,40,5,0,2,119,0,0,2,2,1
3,774807,476,1360,262,250,4,1,1,1,41,7,0,1,216,0,0,5,3,1
1,11691624,1669,101152,2199,1179,1,0,1,3,48,9,1,1,347,0,0,1,4,1
1,5625321,1196,252462,86,449,1,1,1,0,38,6,0,1,279,0,0,0,3,0
1,8118204,1413,674039,2979,235,2,1,1,1,51,8,0,1,472,0,0,1,3,1
4,7635013,1371,915691,11,174,3,0,1,0,39,6,1,0,173,0,0,0,2,1
1,3381296,943,16485,326,682,3,0,1,3,52,8,0,1,542,0,0,1,3,0
1,2750497,851,315427,103,18,3,0,1,3,17,3,0,2,150,0,0,3,2,1
1,1178173,570,42921,212,232,2,1,1,1,39,5,0,1,4304,0,0,15,26,4
2,12742089,1739,1456170,10,112,4,1,1,1,39,7,0,2,352,0,0,0,1,1
1,8876699,1476,20925,450,1210,1,1,1,1,76,11,0,1,1104,3,4,1,10,1
1,7868215,1391,1009817,1,0,1,1,1,1,38,8,0,1,824,3,10,4,8,0
1,1408407,619,108234,357,117,4,1,1,0,28,4,0,0,343,0,0,1,2,0
4,12241572,1707,1642682,1,0,5,1,1,1,61,11,1,4,211,0,0,3,3,1
1,1234843,582,121389,11,55,1,0,1,3,59,9,0,0,282,0,0,0,2,1
4,9068960,1490,1142900,23,19,2,1,1,1,16,3,0,1,387,0,0,0,8,1
1,10087500,1561,215373,145,871,4,1,1,2,25,4,1,2,433,0,0,4,6,1
1,8803316,1470,729820,572,256,2,1,1,2,27,4,0,1,880,0,0,0,10,2
1,11001578,1624,376742,156,717,2,1,1,3,47,6,0,2,210,0,0,3,2,1
2,10360304,1579,919655,74,241,5,1,1,2,25,4,0,1,604,1,7,1,2,1
1,4847008,1126,409054,167,181,2,0,1,1,65,14,1,1,166,0,0,1,2,2
2,12697833,1736,1453907,10,111,1,0,1,0,46,7,0,0,508,1,0,0,6,0
3,3807459,1000,376434,44,94,2,1,1,1,42,7,0,1,256,0,0,1,5,1
4,9729627,1535,581112,160,421,3,1,1,2,45,11,0,1,219,0,0,1,3,0
3,12702822,1737,1266461,95,203,4,1,1,1,45,9,1,2,388,0,0,3,4,1
1,4942093,1135,554134,46,45,3,1,1,1,38,6,0,1,374,0,0,4,4,0
2,10205086,1569,408324,531,625,1,1,1,2,43,8,0,0,414,1,4,0,5,1
1,3088581,902,366784,8,6,3,1,1,1,57,11,0,0,1254,6,11,0,11,1
1,2865177,869,321943,11,28,1,0,1,1,21,3,0,1,604,1,3,0,5,0
3,8048118,1407,875986,117,97,1,0,1,0,29,4,0,1,178,0,0,2,3,0
2,9596477,1527,1244346,8,5,1,1,1,1,40,6,0,0,1190,0,0,0,9,0
1,6223191,1249,654269,104,84,4,1,1,1,59,8,0,1,1236,0,0,17,11,2
5,9890477,1547,1295618,1,0,5,1,1,1,53,8,0,1,293,0,0,8,4,1
3,8582127,1449,59947,3752,1055,3,1,1,1,17,4,0,1,940,0,0,4,7,0
3,12697267,1736,1313547,307,181,5,1,1,1,64,9,0,1,324,0,0,0,6,3
1,9712364,1535,1270418,1,0,2,1,1,1,53,8,1,0,1464,0,0,4,17,0
1,10390919,1581,1366647,1,0,2,0,1,0,45,10,0,1,322,0,0,3,3,0
1,2058503,743,157503,47,149,5,1,1,3,21,5,1,0,204,0,0,0,1,0
1,10358795,1578,1156952,33,100,2,1,1,0,50,12,0,1,487,0,0,3,5,1
1,5556351,1190,26160,20218,909,1,1,1,2,39,8,0,0,482,1,5,0,3,1
1,10686439,1602,1297894,1,54,1,1,1,0,31,5,0,0,240,0,0,0,3,0
2,10521624,1590,1248870,85,65,2,1,1,1,62,11,1,1,321,0,0,0,4,1
1,2899045,874,44330,15027,532,2,0,1,0,55,11,1,1,368,1,3,1,5,3
2,12782464,1742,269905,533,971,4,0,1,1,35,7,0,1,129,0,0,1,2,0
1,3523780,961,308237,93,138,2,1,1,1,58,11,1,0,1167,0,0,0,11,1
5,12298967,1710,380317,1638,798,2,0,1,0,42,3,0,1,1472,2,22,0,8,0
3,1299540,596,115305,1339,79,2,1,1,1,27,5,1,2,600,0,0,10,6,1
2,11670776,1668,1536629,1,7,2,1,1,1,71,11,0,1,238,0,0,2,4,2
2,11137687,1633,1470102,15,0,4,1,1,1,23,4,0,1,252,0,0,2,1,1
1,8670979,1458,938363,161,110,2,1,1,2,54,11,1,0,1628,3,6,0,11,1
1,6826542,1302,862930,1,0,4,1,1,1,57,10,0,1,261,0,0,2,3,0
1,5320267,1170,140431,351,606,4,1,1,1,51,8,0,1,408,0,0,1,4,1
2,10291527,1575,237285,432,853,2,1,1,0,55,7,1,0,415,0,0,3,4,1
1,2649598,835,118110,362,314,3,1,1,2,53,11,0,0,1701,4,19,0,10,1
5,6814499,1301,861307,1,0,3,1,1,1,35,6,0,2,621,0,0,4,7,1
5,11395152,1651,973477,371,282,2,1,1,0,46,9,1,2,117,0,0,1,3,1
1,12674263,1735,1190388,4545,239,5,1,1,1,40,8,0,0,883,3,2,1,7,1
1,12453500,1721,1629242,1,20,1,0,1,2,51,7,0,0,1259,1,9,0,5,2
4,12570311,1728,372519,1712,825,5,1,1,1,91,14,0,0,917,0,0,2,8,1
2,6293966,1255,791053,1,0,4,1,1,1,32,5,0,1,390,0,0,0,8,1
1,4305578,1063,100335,575,575,4,1,1,1,69,10,0,2,275,0,0,3,2,2
1,4633666,1103,567972,1,0,2,1,1,3,56,12,0,0,138,0,0,1,1,1
3,2347692,788,282708,1,0,1,0,1,0,39,8,1,1,110,0,0,1,1,1
2,5431891,1179,676615,1,0,2,1,1,1,52,8,0,1,575,0,0,0,6,0
4,249544,303,191,378,87,1,0,1,0,21,3,0,1,89,0,0,1,1,1
1,2221825,769,5700,997,515,5,1,1,1,87,12,1,2,1394,3,11,9,13,1
1,11776264,1675,570454,25,569,5,1,1,2,33,6,0,2,2160,5,17,6,15,0
2,11484392,1656,1525621,1,0,5,1,1,1,60,13,0,3,476,0,0,9,5,0
1,846766,496,100335,1,7,3,1,1,1,67,12,0,2,219,1,0,2,3,1
1,11609235,1665,1545343,1,0,2,0,1,0,51,12,0,2,156,0,0,1,2,1
2,9653878,1531,1254657,1,3,4,1,1,3,34,4,0,3,163,0,0,5,3,1
1,6213819,1248,308265,99,424,2,0,1,0,67,9,1,0,301,0,0,0,3,1
2,2004652,735,242997,1,1,4,1,1,1,18,2,0,1,43,0,0,2,1,1
2,5001753,1141,286364,13,347,3,1,1,1,43,6,0,1,1963,19,24,0,21,1
3,259157,307,5618,795,54,2,1,1,1,46,9,1,2,39,0,0,2,1,1
1,6959438,1312,791451,88,56,5,1,1,1,47,7,0,4,409,0,0,3,6,1
1,279366,314,28350,20,26,1,1,1,1,45,6,0,0,1236,0,0,0,9,2
1,5568346,1191,292614,1094,389,5,1,1,1,57,10,1,1,841,2,24,3,7,2
1,925609,514,7816,33,255,4,0,1,0,17,3,0,2,187,0,0,3,3,2
2,11654494,1667,1533628,24,7,5,1,1,1,29,5,0,2,398,0,0,5,5,0
2,3078555,901,371424,1,79,1,1,1,1,34,7,0,0,41,0,0,0,1,0
1,8131261,1414,987013,27,36,3,1,1,1,55,12,1,3,775,2,2,11,8,4
2,3405469,946,283166,58,156,5,1,1,1,15,3,0,2,263,0,0,5,4,0
4,10564465,1593,814157,34,323,5,1,1,1,75,11,1,2,5293,2,0,2,8,2
4,9362606,1511,720254,62,304,2,0,1,3,73,10,1,0,567,0,0,0,9,4
1,2482437,809,297920,1,0,4,1,1,2,59,12,0,2,3139,1,47,8,14,1
1,11512249,1658,816125,40,386,4,1,1,1,84,13,0,1,468,2,1,0,6,0
1,6131263,1240,31298,1596,943,4,1,1,1,53,11,1,1,1020,2,11,2,5,0
2,11852964,1680,1433729,1,65,2,1,1,2,56,11,1,2,567,0,0,0,1,0
1,964532,524,8482,842,265,2,1,1,1,26,4,0,1,436,2,2,3,7,2
2,7962129,1400,75500,8392,966,4,1,1,1,57,8,1,2,477,0,0,0,4,3
2,12663199,1734,1652042,22,24,2,0,1,3,89,13,0,2,481,2,2,3,6,0
4,12751285,1739,1723714,1,0,2,1,1,1,32,6,0,1,246,0,0,2,2,0
4,12643876,1732,1684419,1,8,4,0,1,3,90,16,1,2,321,0,0,4,4,1
2,10809683,1611,1193562,19,113,3,1,1,1,76,11,0,0,1237,2,9,1,11,5
1,1138639,562,32154,378,260,2,1,1,1,45,7,0,1,831,2,1,3,7,2
1,11920754,1685,1528264,14,26,3,1,1,0,54,7,0,1,454,1,4,0,3,2
3,12310011,1710,110432,428,1204,4,1,1,1,94,16,1,1,1495,0,0,14,14,0
1,9886813,1547,1286365,8,4,2,1,1,3,71,12,0,2,976,2,8,0,5,1
1,2162646,759,104071,739,265,2,1,1,1,51,9,1,1,194,0,0,3,2,1
1,6520593,1275,463785,1087,271,3,1,1,2,89,15,0,0,359,1,2,1,1,0
1,2684525,841,147601,2407,265,3,1,1,1,30,3,1,1,714,1,4,1,7,2
1,2576275,824,303975,6,6,3,1,1,1,49,9,1,0,141,0,0,1,2,1
1,8253448,1423,252975,18,675,5,1,1,1,95,17,0,0,377,0,0,3,4,0
2,9773247,1539,1211421,1,33,2,1,1,2,47,13,1,1,188,0,0,2,3,0
2,12720303,1738,1718958,1,0,4,1,1,2,40,7,0,1,226,0,0,2,1,0
3,12041647,1693,1456413,1,67,3,1,1,1,17,2,0,0,567,0,0,0,8,1
1,12566610,1728,1694504,1,0,3,1,1,2,99,20,0,1,10929,4,195,2,9,0
1,517028,401,55057,92,22,4,1,1,1,39,6,0,2,707,3,2,3,8,1
4,8420577,1436,1086272,1,0,1,0,1,0,38,5,0,1,198,0,0,0,3,1
5,11959709,1687,1368140,156,105,5,1,1,3,65,11,1,2,329,0,0,5,4,1
1,11020822,1625,1119454,56,168,5,1,1,1,59,12,1,1,896,0,0,6,9,1
1,8288651,1426,1046040,26,13,4,1,1,3,48,8,0,2,2047,3,13,5,8,1
1,11096296,1631,293545,1285,827,3,0,1,3,52,8,0,0,1459,4,16,0,8,1
1,4649348,1105,569845,1,0,1,0,1,3,84,13,0,0,3537,0,0,0,28,1
1,11023747,1625,222673,630,924,3,1,1,3,98,17,1,2,1031,0,0,12,9,1
1,7420703,1352,223367,3079,650,2,1,1,1,58,11,0,1,125,1,0,0,2,0
2,6217458,1248,692280,38,58,4,1,1,0,49,9,0,1,337,0,0,8,6,0
3,12636455,1732,1483118,366,93,1,0,1,0,52,9,0,0,715,0,0,0,8,1
2,11656646,1667,1552594,1,0,3,1,1,1,77,13,0,1,237,0,0,0,3,1
1,2956321,883,356258,1,0,1,1,1,0,80,10,0,0,381,0,0,0,4,0
1,11450962,1654,1119550,771,196,3,1,1,1,31,6,0,0,302,0,0,1,3,2
1,12027724,1692,1609578,1,0,1,1,1,0,41,7,0,0,949,3,16,0,5,0
1,12073587,1695,1615461,1,0,3,1,1,2,50,10,1,1,25216,0,0,19,31,2
1,3035732,895,31791,1511,594,2,0,1,3,87,14,1,1,420,0,0,1,8,2
1,10874831,1615,305270,1165,796,3,0,1,3,57,10,1,3,706,1,5,2,3,1
1,3656561,980,62653,1248,579,2,0,1,2,55,9,1,0,486,0,0,1,5,2
2,3031163,894,365536,1,0,1,1,1,1,63,11,0,0,179,0,0,0,2,0
1,8858443,1473,957628,38,114,2,1,1,1,27,4,0,1,955,4,5,0,9,1
1,4978210,1138,1242800,1,178,2,1,1,1,15,2,0,1,93,0,0,1,1,1
1,8963809,1482,210197,3,800,3,1,1,3,70,11,0,1,1419,1,4,2,6,2
4,4396579,1073,144864,148,502,1,1,1,0,73,11,1,0,122,0,0,1,2,1
1,654185,441,51459,590,71,5,0,1,3,52,9,0,2,1140,0,0,7,7,1
3,11326447,1646,1466594,11,14,3,0,1,3,27,4,0,0,414,0,0,1,3,0
1,6165671,1244,530585,363,175,3,1,1,1,89,16,1,1,1020,2,12,0,5,0
1,11434979,1653,607038,83,519,4,0,1,2,63,9,0,1,2089,3,35,0,7,2
2,12055369,1694,1614273,1,0,2,1,1,1,84,14,0,2,175,0,0,1,2,1
2,8119245,1413,1045013,1,0,2,1,1,1,29,4,0,0,264,0,0,0,2,0
3,636649,435,48705,306,78,3,1,1,1,30,6,0,1,70,0,0,1,2,0
2,10458520,1586,1322306,6,25,2,1,1,1,55,11,1,1,129,0,0,0,3,3
2,12789410,1742,1729983,1,0,3,1,1,1,77,15,0,0,205,0,0,1,2,0
1,4620525,1101,3315,590,862,3,1,1,0,36,6,0,1,1238,0,0,4,16,1
3,301986,323,37786,8,4,1,1,1,2,30,7,0,0,316,0,0,0,5,0
4,4572658,1095,189924,101,443,5,1,1,0,38,7,1,0,424,0,0,1,4,1
1,2453624,805,222820,11,104,1,0,1,0,17,2,0,1,313,1,3,2,2,0
2,7766525,1382,262914,334,620,3,1,1,1,55,9,0,1,216,0,0,1,3,0
2,6465653,1270,42659,351,933,2,1,1,1,57,10,0,0,64,0,0,0,1,1
2,959828,522,94777,81,44,2,0,1,3,73,10,1,0,1095,0,0,1,11,0
1,12717582,1737,1469670,23,105,1,1,1,2,48,9,0,0,983,5,8,1,10,2
4,1590073,657,89904,845,190,2,0,1,3,19,3,0,0,541,0,0,1,5,1
5,9597449,1527,418232,363,572,2,1,1,1,36,7,0,1,512,0,0,0,2,0
1,9375788,1512,989121,3180,133,2,1,1,1,43,6,0,0,774,2,4,1,5,1
4,7150107,1329,838123,69,42,5,1,1,0,62,12,0,0,263,0,0,0,3,1
1,4697329,1110,565968,73,8,1,1,1,2,17,2,0,0,532,2,1,0,7,0
2,9841882,1543,1210876,20,37,3,1,1,1,57,6,0,2,392,0,0,5,3,1
1,11872738,1681,119592,3478,1156,3,1,1,1,57,9,0,1,642,2,3,5,5,0
1,11302388,1644,1494683,8,1,2,1,1,2,31,5,0,2,722,2,4,3,6,1
1,85459,260,1944,681,29,3,1,1,1,63,13,1,1,361,0,0,4,5,2
1,6983437,1315,713576,105,111,3,1,1,1,30,5,0,0,1151,2,3,0,9,1
1,10893160,1617,454137,76,622,5,1,1,1,31,4,0,1,494,1,2,1,4,1
1,9678874,1533,440621,358,553,4,1,1,1,41,6,0,2,413,0,0,3,7,2
3,3974553,1023,192910,3256,364,5,1,1,1,29,7,1,2,305,0,0,3,6,1
1,6007287,1230,598516,156,102,2,1,1,2,66,7,1,0,310,0,0,0,5,2
1,9484263,1519,613004,806,382,1,1,1,1,60,9,0,0,669,0,0,0,5,1
1,12228072,1705,231957,2065,991,4,0,1,2,47,10,0,3,1765,2,14,7,7,1
1,7546371,1363,220180,275,666,2,1,1,1,63,10,0,1,357,1,1,0,4,0
1,8649337,1456,116895,3879,937,4,1,1,1,65,9,1,1,1065,3,8,4,7,1
2,12742283,1739,1722306,1,0,2,1,1,1,75,14,1,1,2352,0,0,8,21,3
1,8649573,1456,885770,88,140,2,1,1,1,22,3,0,1,2073,5,15,7,8,0
1,9435181,1515,215336,561,826,3,0,1,3,28,4,0,0,89,0,0,2,2,1
2,9956135,1551,1305041,1,0,5,0,1,0,103,17,0,1,345,0,0,2,5,1
1,6843171,1303,676960,26,123,3,1,1,2,18,2,0,1,666,0,0,4,5,0
3,9584315,1526,848930,76,232,3,1,1,1,41,8,0,2,231,0,0,5,4,2
1,7688746,1375,582862,147,260,3,0,1,3,47,8,0,0,1455,1,0,0,7,2
1,8616908,1452,155755,385,862,1,1,1,0,119,17,0,0,2888,1,57,0,12,5
1,2448768,804,282315,278,16,3,1,1,1,36,6,0,1,626,1,2,1,3,2
5,11241391,1640,1488002,1,0,2,1,1,1,57,10,0,1,886,0,0,0,6,1
2,12453799,1721,1676727,1,0,2,1,1,1,34,7,0,1,539,0,0,1,9,0
1,6976032,1314,485765,16,287,2,1,1,1,52,11,1,2,657,0,0,2,7,2
1,9188677,1499,676625,17,319,3,1,1,0,24,3,0,2,178,0,0,2,3,0
1,8791312,1469,418343,1280,515,5,1,1,1,48,9,0,0,4018,7,61,0,8,0
4,8445407,1438,1089689,1,0,1,0,1,0,31,6,0,1,119,0,0,1,1,0
2,6327243,1259,574122,388,150,1,1,1,1,43,7,1,1,227,0,0,1,1,1
5,7737371,1380,685915,25,194,2,1,1,1,30,5,0,1,1595,0,0,2,7,2
1,9296468,1506,686442,1,320,2,1,1,0,68,11,1,1,2215,5,9,6,13,0
4,12747833,1739,339167,435,877,2,0,1,1,57,12,0,0,192,0,0,0,4,1
1,10307028,1575,1350814,1,1,3,1,1,1,23,5,0,0,514,5,4,3,6,1
3,7013250,1317,55862,375,936,2,1,1,1,17,3,1,0,215,0,0,2,2,1
4,9213531,1500,687581,160,314,4,1,1,1,68,9,0,1,902,1,14,2,5,0
1,9984536,1553,306869,28,732,4,1,1,1,67,14,1,1,3815,1,141,2,10,3
2,8155454,1415,1050125,1,0,4,1,1,1,41,8,0,1,183,0,0,2,2,1
1,12513347,1724,1686057,1,0,1,0,1,0,31,6,0,1,249,0,0,2,3,0
1,3652238,979,212780,70,293,4,1,1,2,42,7,0,2,1225,2,0,9,11,1
2,2969356,884,357871,1,0,3,1,1,1,34,8,1,1,210,0,0,5,3,2
4,11009989,1625,966874,16,259,1,1,1,0,32,6,0,1,352,0,0,2,5,0
4,11823952,1679,1312737,101,123,4,0,1,2,41,5,0,2,1748,0,0,17,16,3
4,1388194,615,144548,1,44,2,0,1,0,36,6,0,0,139,0,0,0,2,2
4,3080134,901,371620,1,0,1,1,1,3,35,7,1,0,135,0,0,0,3,2
3,4349265,1067,322885,51,225,2,1,1,1,56,12,0,0,164,0,0,0,2,1
1,11978006,1688,196919,2574,1024,2,1,1,1,41,7,0,1,340,1,9,1,3,1
1,4121263,1042,1444686,41,345,4,1,1,1,56,10,0,1,261,0,0,2,4,0
1,3279195,930,266276,103,164,3,1,1,1,72,11,0,0,1011,0,0,1,9,1
1,4306084,1063,392390,61,137,2,1,1,3,65,12,1,1,329,0,0,1,1,0
2,5974209,1227,748504,3,0,1,1,1,0,37,6,0,0,2591,0,0,0,1,0
1,12022021,1691,1565515,57,18,3,1,1,1,69,13,0,1,361,1,4,0,3,0
1,7211672,1334,903302,1,6,4,1,1,1,48,10,0,2,392,0,0,6,5,0
1,8422582,1436,591182,70,315,5,1,1,1,74,13,0,3,1338,3,10,6,13,1
3,7371691,1348,930915,1,3,1,1,1,2,20,4,0,0,196,0,0,0,2,0
2,9967043,1552,353881,4,672,1,1,1,0,28,6,0,1,493,0,0,3,7,0
4,394124,360,45615,96,14,4,0,1,3,53,11,0,2,503,0,0,5,7,1
1,2365681,791,280141,1,6,1,0,1,0,32,6,0,1,299,0,0,1,7,2
1,6449651,1269,607803,20,134,4,1,1,1,44,6,1,1,2160,0,0,1,10,2
1,2459763,806,1220,4938,580,3,1,1,0,51,10,1,1,342,0,0,2,3,1
2,12497398,1723,302969,1409,907,4,1,1,1,54,9,0,0,2940,0,0,1,8,1
3,4836391,1124,146077,2923,550,4,1,1,1,39,5,0,0,783,0,0,0,7,2
1,8971659,1483,1164937,1,0,2,1,1,1,46,8,0,1,395,0,0,1,5,2
1,12048090,1694,106697,100,1195,4,1,1,0,50,11,0,0,6887,2,193,2,5,0
4,11545347,1660,1493260,4,17,2,0,1,3,21,3,0,1,423,0,0,2,5,0
2,6576496,1280,584081,160,164,2,1,1,1,28,5,0,0,365,1,2,0,1,0
1,4490612,1084,165071,200,478,2,1,1,1,55,8,1,1,786,1,15,2,5,0
1,3979131,1023,286389,4,229,1,0,1,2,53,8,0,1,1344,0,0,0,2,0
5,2709888,845,209838,501,164,3,1,1,1,56,6,1,0,313,2,6,1,4,1
5,12684425,1736,783017,2550,486,3,1,1,2,51,10,1,1,798,1,0,3,8,1
2,11046448,1627,1456012,6,0,3,1,1,3,20,2,0,0,246,1,2,0,2,0
2,10758984,1606,1347706,23,34,2,1,1,1,31,6,0,1,1000,0,0,5,12,1
1,8027758,1405,1032282,1,0,4,1,1,1,36,5,0,1,408,0,0,6,5,1
3,8346622,1430,463751,114,426,4,0,1,3,54,11,1,0,149,0,0,0,2,0
3,9183193,1498,1177058,1,8,1,1,1,0,36,8,0,1,247,0,0,0,2,0
5,10287107,1574,1350026,1,0,3,1,1,1,26,4,0,1,1431,5,24,1,7,0
1,2317813,784,173626,377,161,4,1,1,2,48,9,1,1,4231,4,6,5,9,0
2,12186538,1702,922550,40,363,2,1,1,1,16,3,0,1,444,0,0,2,7,0
4,12389617,1716,106225,57,1218,1,0,0,0,57,8,0,0,1326,2,2,0,7,0
2,3040611,895,354625,17,14,1,1,1,2,29,6,0,0,697,2,6,0,5,3
1,8648120,1456,1118115,1,0,2,0,1,1,34,5,0,2,367,0,0,5,5,0
5,11495915,1657,1527506,1,0,1,0,1,0,38,9,0,0,333,0,0,0,4,0
1,9837951,1543,1288073,1,0,2,1,1,1,40,9,0,1,2812,1,46,3,9,1
1,11208691,1638,1126543,3,175,3,1,1,1,68,9,0,0,1346,6,48,0,8,0
2,12751067,1739,1723681,1,0,5,1,1,1,35,6,0,3,577,0,0,4,5,1
2,7797433,1385,309145,560,560,4,1,1,1,44,7,0,0,294,0,0,2,5,1
1,1915077,715,228789,3,6,4,1,1,1,27,5,1,2,285,0,0,2,4,1
1,8768475,1467,655187,399,301,3,1,1,2,35,5,0,0,414,1,2,0,2,0
2,10470858,1587,1376718,-4,1,3,1,1,1,25,6,0,2,151,0,0,1,3,1
1,7729136,1379,110010,1563,874,3,0,1,0,38,5,0,2,614,0,0,7,8,2
2,12711980,1737,1239335,1,217,1,1,1,2,73,16,0,0,88,0,0,0,1,0
4,12674948,1735,1097775,20,292,1,1,1,0,47,10,0,1,333,0,0,1,4,1
1,928152,514,7173,338,256,1,1,1,2,58,9,0,1,920,1,13,2,4,2
4,287783,317,8954,1850,59,3,1,1,3,36,6,0,1,790,0,0,4,8,1
4,12536316,1725,1537942,17,64,4,1,1,1,34,6,0,2,271,0,0,6,3,1
1,10741045,1605,173397,6148,982,1,1,1,2,70,11,0,0,878,2,9,0,6,0
3,6569134,1280,451221,371,289,3,1,1,3,25,5,0,2,141,0,0,2,2,1
2,6974881,1314,880919,8,2,4,1,1,1,28,5,0,0,540,2,10,1,3,0
3,341038,338,3776,1205,95,2,1,1,1,45,6,1,1,1332,0,0,8,9,2
3,3038190,895,1094969,710,573,4,1,1,1,46,8,1,1,1332,0,0,11,12,4
2,8638546,1455,1020477,18,57,4,1,1,1,28,5,0,0,497,0,0,2,6,2
1,4335606,1066,418198,182,112,2,1,1,1,27,4,1,2,457,1,0,2,3,1
1,4515068,1087,535967,87,13,2,1,1,1,33,6,0,0,194,0,0,0,3,2
1,6230800,1249,311829,172,421,4,1,1,1,53,11,1,2,450,1,4,2,6,1
5,12702468,1737,1581006,146,56,3,1,1,2,50,7,0,0,1038,6,26,0,7,0
3,11362412,1648,1350858,7,74,4,1,1,0,67,12,1,2,142,0,0,3,1,1
1,1597754,658,193431,1,0,3,1,1,1,41,7,0,3,231,1,0,0,5,2
1,8444510,1438,489152,114,407,2,1,1,1,20,5,0,1,659,0,0,4,5,2
1,2779789,856,43681,7066,516,4,1,1,1,50,7,0,4,1578,0,0,22,12,1
4,6848146,1303,129899,315,759,1,0,1,0,31,5,0,0,305,0,0,1,3,1
3,5652948,1198,606663,24,65,5,1,1,1,44,5,1,0,1551,0,0,4,6,1
4,7302463,1342,643759,3,185,3,1,1,0,42,10,0,2,257,0,0,3,4,0
1,9938771,1550,1302651,1,0,2,0,1,0,56,10,0,1,2607,6,34,3,8,0
1,1465273,631,6124,304,375,3,1,1,2,42,7,0,0,1573,3,16,0,16,1
3,12480800,1722,1680784,1,0,5,1,1,0,98,18,0,1,820,0,0,3,6,0
2,3343415,938,403251,11,0,2,1,1,2,50,7,0,1,102,0,0,1,2,1
4,1566573,652,47281,440,300,2,1,1,0,43,7,1,1,267,0,0,1,5,1
1,6419971,1267,406287,22,326,3,0,1,2,48,10,1,3,1639,2,0,10,5,1
3,12383140,1716,1664680,1,0,3,1,1,1,74,11,0,1,294,0,0,1,2,0
3,8783529,1469,540100,121,391,3,0,1,3,47,10,1,1,645,0,0,2,9,2
1,10880830,1616,1010114,13,224,3,1,1,3,41,4,0,1,797,0,0,2,4,0
5,8226844,1421,1059654,1,0,1,1,1,1,54,8,0,1,665,4,19,3,7,1
2,11867630,1681,405573,12,760,3,1,1,1,33,6,0,2,511,0,0,3,3,0
1,5756734,1207,472768,560,192,3,1,1,1,54,9,0,1,339,0,0,1,2,2
1,12282171,1709,1062328,113,286,3,1,1,1,22,5,1,0,685,1,16,1,5,1
1,4907857,1131,575065,181,22,2,0,1,3,25,2,0,0,2448,2,50,0,11,1
1,3114427,905,181585,116,267,2,1,1,2,54,8,0,1,535,4,0,0,8,0
1,6217799,1248,66173,410,838,2,0,1,0,62,11,0,1,3180,2,47,2,8,0
1,2867869,869,385605,1,0,3,1,1,1,76,14,0,2,826,0,0,8,5,0
2,10004689,1555,1300780,1,5,3,1,1,1,87,17,1,1,122,0,0,0,2,0
2,5707660,1203,714007,1,0,1,1,1,1,38,6,0,0,390,0,0,1,4,0
4,3932817,1017,443966,68,34,4,1,1,0,67,11,0,2,467,0,0,4,3,0
4,12520514,1724,1687143,1,0,3,0,1,3,72,10,1,1,652,0,0,11,9,1
2,6320196,1258,760935,9,23,1,1,1,2,51,10,0,0,165,0,0,0,3,0
4,101974,262,7595,1,3,4,1,1,1,18,3,0,1,439,0,0,6,5,1
1,3860386,1008,363883,3,116,3,1,1,1,41,8,0,3,226,0,0,2,2,0
2,12610559,1730,1323701,20,169,3,1,1,3,25,5,0,1,109,0,0,2,2,0
1,7411223,1352,672455,17,174,4,1,1,1,40,8,1,0,561,2,0,4,9,1
1,2189107,764,62575,1024,471,4,1,1,1,42,5,0,0,1502,0,0,2,9,0
1,8341910,1430,887235,189,113,4,1,1,1,79,14,0,2,933,2,3,4,10,1
2,11747807,1673,1276567,134,135,4,1,1,0,44,8,1,1,501,0,0,2,4,3
3,2432225,801,292157,1,0,3,1,1,1,63,12,1,1,99,0,0,0,1,0
1,8302508,1427,265706,1465,662,1,0,1,0,57,3,0,0,2999,0,0,0,22,1
4,5286810,1167,387405,281,298,1,0,0,0,45,7,1,0,190,0,0,0,2,0
2,12563411,1728,1694171,1,0,1,0,1,0,63,11,0,0,313,0,0,0,1,0
1,7868547,1391,271870,65,618,3,1,1,1,40,7,0,1,1231,2,0,4,14,0
1,1297394,596,82937,138,145,3,1,1,3,33,5,0,2,853,1,8,0,4,1
1,3259020,926,159372,1629,330,1,1,1,2,24,5,0,0,3927,5,37,0,12,2
1,7748748,1381,251518,884,635,5,1,1,1,95,17,0,2,783,2,4,3,7,1
2,11753466,1674,782125,82,425,3,1,1,3,83,13,0,1,160,0,0,1,3,2
2,4532591,1090,553848,1,0,1,1,1,1,16,2,0,0,55,0,0,0,1,0
1,11694423,1669,979331,57,296,2,1,1,3,41,8,0,1,294,0,0,1,1,0
2,2513982,814,301515,1,0,4,1,1,3,67,11,1,2,178,0,0,1,4,0
1,9555410,1524,1150473,20,48,2,0,1,2,27,4,0,1,427,3,7,0,6,1
5,8866558,1475,1149378,1,0,4,1,1,1,35,7,0,2,348,0,0,3,7,0
1,10315033,1576,656804,376,409,3,1,1,1,52,7,0,1,1293,2,20,2,8,2
1,12779021,1742,1728348,1,0,4,1,1,3,44,7,0,1,1072,1,1,2,12,1
1,10356914,1578,1361894,1,0,2,1,1,2,44,7,0,1,1641,3,16,1,8,1
2,6787987,1298,816095,17,25,3,1,1,1,74,16,0,0,175,0,0,0,2,0
2,11993016,1689,1595054,3,3,2,1,1,2,64,11,0,1,273,0,0,1,2,0
2,2689311,842,323047,1,0,1,1,1,1,22,4,0,0,50,0,0,1,1,1
1,12408503,1717,584120,1,601,3,1,1,1,46,8,0,0,300,1,2,0,3,0
2,12270766,1708,1596092,1,22,5,1,1,1,19,3,0,1,183,0,0,3,4,0
1,9292934,1506,562562,289,536,4,1,1,1,25,3,0,0,816,1,0,4,4,1
1,2467610,807,296222,1,0,1,1,1,1,64,12,0,0,2760,1,26,0,19,1
1,1625426,664,47281,515,312,1,0,1,3,52,9,1,0,287,1,7,0,3,2
1,6233010,1249,79057,133,808,3,0,1,2,33,9,1,0,777,0,0,7,5,2
2,7596882,1367,971030,1,0,1,1,1,1,100,14,0,1,3094,1,0,0,1,0
1,4648030,1105,247542,1654,364,3,1,1,1,25,4,0,1,670,2,2,1,5,1
1,10767794,1607,1419190,1,0,4,1,1,3,55,7,0,2,2754,3,0,4,9,1
1,3715484,988,387298,323,82,2,1,1,3,47,9,1,2,204,0,0,2,4,1
1,9830729,1542,1075864,85,112,4,1,1,1,41,7,0,2,1250,3,9,10,8,1
2,6438206,1268,339500,457,405,2,1,1,3,23,7,1,1,229,0,0,1,2,1
1,1505128,639,181695,22,1,2,1,1,1,79,16,1,2,287,0,0,3,4,0
3,11351590,1647,261217,244,889,2,1,1,1,49,11,0,0,273,1,0,0,5,1
1,3699061,986,65120,983,578,2,1,1,1,19,2,0,0,93,0,0,0,1,1
2,7938239,1397,1019622,1,0,2,1,1,0,39,9,0,2,2459,0,0,2,2,0
1,3683844,983,290650,214,183,3,0,1,1,43,6,0,1,1738,3,40,1,5,0
3,3195458,918,238469,19,194,4,1,1,1,58,8,0,2,1373,0,0,6,15,0
1,4956391,1136,66975,1188,723,2,1,1,1,46,10,0,0,381,0,0,0,3,1
2,7246251,1337,903602,16,10,1,0,1,2,26,5,0,0,144,0,0,1,1,0
3,442714,379,6068,821,124,2,0,1,0,36,6,1,1,245,0,0,2,2,1
1,12647322,1732,969488,628,366,3,1,1,1,28,3,0,1,866,2,5,0,6,1
3,10382243,1581,1246253,1,58,5,1,1,1,58,9,1,1,145,0,0,2,1,0
1,1203576,575,16911,1270,315,3,1,1,1,60,13,1,1,1247,1,12,5,8,1
2,8493585,1442,1011868,1,49,2,0,1,1,18,3,0,2,235,0,0,1,3,0
3,8062336,1408,321957,23,567,2,1,1,1,35,8,0,1,821,0,0,9,9,2
2,7386311,1350,793880,34,92,2,1,1,1,48,6,1,1,3559,1,28,0,1,0
3,11387129,1650,41782,954,1317,2,1,1,1,18,4,1,1,1022,1,1,6,9,4
2,12719795,1738,1718854,1,0,2,1,1,3,18,5,0,1,618,0,0,3,5,1
3,6022523,1231,296446,759,424,2,1,1,3,60,9,0,0,530,0,0,0,6,1
1,9013157,1486,947462,130,132,2,1,1,1,36,7,0,0,843,2,15,0,4,1
2,6486384,1272,179736,6119,637,2,1,1,1,47,11,1,0,97,0,0,0,1,0
1,12566485,1728,1603379,57,39,4,1,1,1,20,4,0,2,975,3,6,3,8,1
3,333992,336,42441,1,0,4,1,1,1,33,4,0,0,1099,2,1,3,11,4
2,1607759,660,194656,1,0,3,1,1,1,54,8,0,2,4686,0,0,10,24,1
1,12512438,1724,1037078,534,316,4,1,1,1,35,6,0,2,386,0,0,6,5,0
1,4081625,1036,418965,49,81,3,1,1,1,29,3,0,0,318,0,0,2,3,1
1,10550915,1592,1029367,32,189,3,0,1,1,29,5,0,0,629,1,9,0,2,1
1,2940154,880,259881,256,123,4,1,1,1,45,5,1,0,2076,1,32,1,5,0
5,12437223,1719,1239122,118,199,2,1,1,1,51,10,0,1,498,0,0,2,5,1
2,11745982,1673,228898,628,964,2,1,1,2,19,4,1,2,95,0,0,3,2,1
1,8261349,1423,357452,471,539,3,1,1,1,64,11,1,1,322,0,0,1,3,1
3,7681799,1374,983185,1,0,3,0,1,0,71,10,0,1,295,0,0,2,5,1
1,4236020,1055,197036,787,389,4,1,1,1,40,8,0,1,1252,1,23,0,2,1
1,3410751,946,411375,1,0,4,1,1,1,28,4,1,1,734,0,0,2,11,5
1,7023140,1318,879810,10,6,1,1,1,1,39,7,0,0,3991,20,52,0,21,0
1,7711831,1377,108007,1541,876,1,1,1,1,51,12,1,0,1905,3,58,4,7,1
4,6420499,1267,790431,178,11,1,1,1,0,34,5,0,0,335,0,0,1,5,1
4,7568300,1365,966909,1,0,4,1,1,1,21,5,0,1,107,0,0,1,1,1
3,1869040,707,93933,135,231,1,0,0,0,58,10,1,1,370,0,0,2,3,1
1,11869896,1681,1444610,37,61,2,1,1,1,33,7,0,1,1587,2,30,2,4,1
3,512068,400,16794,1861,139,3,1,1,2,38,8,1,2,225,0,0,2,2,1
1,12658490,1734,1709254,1,0,2,1,1,2,39,7,0,1,1099,1,1,3,10,2
1,2145955,757,259943,1,0,4,1,1,1,56,9,0,2,991,2,15,3,6,0
3,11026643,1626,1268066,34,91,2,1,1,1,35,5,0,1,497,0,0,4,4,0
1,12338232,1713,1232138,338,197,2,1,1,1,39,4,0,0,1011,8,18,0,8,1
1,12760670,1740,1725187,1,0,2,1,1,0,78,16,0,1,3886,7,64,1,10,0
1,12484771,1722,1139482,114,253,2,1,1,1,131,23,0,2,1937,4,4,3,11,0
1,2946785,882,354833,3,0,1,1,1,1,30,6,0,1,309,0,0,0,2,2
1,11081269,1630,1435222,231,13,2,1,1,1,31,5,0,1,403,2,1,0,7,1
1,9777732,1539,1279509,1,0,3,0,1,3,54,8,0,1,489,0,0,2,5,1
1,12593926,1730,1519268,27,76,3,1,1,1,49,6,0,1,616,0,0,0,11,1
1,12296063,1710,194328,2192,1050,1,1,1,1,71,12,1,0,208,0,0,1,3,1
1,769289,475,15797,163,215,4,0,1,2,40,7,0,2,278,0,0,2,2,0
2,8754331,1466,1133773,1,0,2,1,1,0,35,6,0,0,156,0,0,0,1,0
1,3310823,933,229678,75,223,3,1,1,2,36,6,1,1,575,0,0,2,4,2
4,5498791,1185,512929,45,132,5,1,1,3,31,5,0,2,561,0,0,2,5,1
5,5129389,1152,597657,22,25,4,1,1,1,48,5,1,1,935,0,0,3,8,2
2,11128062,1632,1470415,1,0,5,1,1,1,51,8,0,0,1683,1,26,3,8,1
3,12299893,1710,923840,52,370,5,1,1,1,55,8,1,1,1757,0,0,7,12,2
2,12524512,1725,1361638,96,146,1,1,1,1,46,7,0,1,180,0,0,0,4,1
2,8253516,1423,1049090,1,8,1,0,1,0,43,9,1,0,59,0,0,0,1,1
1,5390296,1176,350933,33,299,2,1,1,1,104,15,0,1,4437,15,43,2,27,0
3,1292948,595,151523,21,12,1,0,1,2,123,17,0,1,150,0,0,1,2,0
2,10679463,1602,1404630,10,2,1,1,1,1,73,14,1,0,162,0,0,1,3,3
3,33994,241,832,2349,19,3,1,1,1,36,7,1,0,739,0,0,0,6,1
4,12269051,1708,869694,44,403,3,1,1,0,57,11,0,2,684,2,9,4,4,1
1,9626519,1528,1258134,1,0,3,0,1,2,64,10,0,2,1201,0,0,8,10,1
1,3527036,961,257611,536,207,2,1,1,2,63,13,0,0,804,1,2,0,6,0
3,2318639,784,87973,890,322,4,1,1,3,28,4,0,1,403,0,0,4,6,0
2,4842935,1125,291779,168,324,1,1,1,1,19,3,0,1,229,0,0,2,3,1
2,12457586,1721,1345621,18,150,2,1,1,1,45,5,1,1,583,2,1,1,6,1
3,11038092,1626,1456850,1,0,4,1,1,1,20,3,0,2,621,1,11,2,3,2
2,12789738,1742,1698701,1,12,3,1,1,1,88,10,0,2,388,0,0,4,3,1
2,3756264,993,303927,89,175,3,0,1,3,27,4,1,1,77,0,0,1,2,1
1,6812913,1301,861086,1,0,4,1,1,1,111,24,1,0,298,0,0,0,3,0
1,5271016,1165,651207,1,2,5,1,1,1,30,4,0,3,727,0,0,9,6,3
2,10724847,1604,1413221,1,0,1,0,1,0,74,13,0,1,346,0,0,1,1,0
2,5776434,1210,642476,1,53,1,0,1,0,24,5,0,1,50,0,0,1,1,1
2,11356354,1648,462608,1374,644,3,1,1,3,48,10,1,0,313,0,0,0,3,2
1,9511319,1521,315550,381,687,4,1,1,1,56,8,1,1,439,0,0,5,6,4
1,2263834,776,273202,1,0,4,1,1,1,61,5,1,0,753,1,0,1,6,0
1,5617685,1196,590388,823,74,2,0,0,0,41,6,0,0,833,0,0,1,7,2
4,12433461,1719,1068636,72,291,3,0,1,0,66,14,1,0,439,0,0,0,3,1
2,4149970,1044,422039,23,86,2,0,1,2,17,4,0,0,428,1,12,0,3,0
1,9402427,1513,1221343,3,2,5,1,1,1,41,7,1,0,495,1,0,0,7,1
1,8516542,1444,1063194,45,21,1,1,1,1,45,7,0,0,1189,1,14,4,5,1
3,5078620,1148,476024,527,130,1,1,1,2,32,7,0,0,120,0,0,0,2,1
1,10167640,1567,1222760,34,54,2,1,1,1,40,6,0,1,750,0,0,0,7,0
1,1916701,715,160868,71,117,2,1,1,1,54,8,1,0,278,0,0,1,4,0
3,6895883,1308,165043,217,702,4,1,1,1,46,9,1,1,873,0,0,4,4,2
1,1778190,691,216392,23,107,3,1,1,1,117,19,1,1,922,0,0,1,6,2
1,9924100,1549,1279629,13,9,1,1,1,1,31,5,0,1,906,1,6,1,6,0
4,8503550,1443,1097196,1,0,4,1,1,1,30,5,0,2,456,0,0,4,4,0
2,12358775,1714,887203,25,397,5,1,1,1,19,2,0,0,347,0,0,4,3,1
1,7657386,1373,720175,60,165,2,1,1,0,51,9,0,1,705,2,26,1,4,0
1,8853807,1473,771861,57,231,2,0,1,2,53,6,0,0,1546,1,0,2,5,0
1,12155282,1701,930094,86,357,3,1,1,1,35,6,0,1,457,0,0,2,6,2
3,11751151,1674,1567250,1,0,3,1,1,1,50,10,0,1,692,1,3,1,5,1
1,8704736,1462,967358,135,97,2,1,1,1,36,7,0,0,981,2,26,1,8,1
1,6962676,1312,107421,671,812,3,1,1,1,77,15,0,0,638,4,3,2,11,1
1,12528286,1725,1688374,1,0,3,1,1,3,63,11,0,3,2165,7,39,3,11,1
2,9917601,1549,1299522,1,0,4,1,1,1,38,7,0,1,21452,2,482,2,16,0
4,8475664,1441,468891,8,431,3,0,1,1,43,6,0,3,573,1,4,1,4,1
2,7712332,1378,852499,60,82,3,1,1,1,34,7,0,3,241,1,0,2,3,1
3,8374458,1433,56861,1125,1048,3,1,1,1,39,7,0,1,297,0,0,1,2,2
4,12433627,1719,1340138,1,149,1,0,1,2,25,5,0,1,2496,0,0,3,8,1
1,4766961,1117,1390354,1672,832,3,0,1,1,72,11,1,2,370,0,0,2,6,5
1,10844347,1613,514773,1034,558,2,1,1,1,28,3,0,0,6595,2,161,0,5,0
3,10210004,1569,558310,320,474,4,1,1,1,30,4,0,0,258,0,0,0,4,0
1,10499074,1589,1378388,27,1,2,1,1,1,54,12,0,1,746,2,0,3,3,0
1,7809118,1386,750537,508,159,3,1,1,2,54,9,0,3,797,1,4,3,5,0
5,12787748,1742,1729718,1,0,5,1,1,1,72,11,1,0,16773,1,425,0,6,1
2,7771014,1382,778380,26,135,3,1,1,1,24,3,0,2,219,0,0,2,1,0
1,5541455,1189,73381,1468,761,4,1,1,0,39,6,0,2,1013,2,4,7,11,1
3,12340783,1713,1658369,1,0,2,1,1,1,73,12,0,2,3564,2,82,3,5,0
1,12519190,1724,793468,569,467,2,1,1,2,61,9,0,1,434,0,0,1,6,4
5,11213503,1638,1466745,13,7,2,1,1,1,50,8,0,1,866,1,19,0,5,1
4,9219205,1500,178315,530,868,3,1,1,1,66,11,1,0,128,0,0,0,2,1
3,1109693,556,11236,2231,297,3,1,1,2,27,5,1,0,558,0,0,0,6,3
2,9793871,1540,1281828,1,0,2,1,1,0,78,14,0,0,365,0,0,0,6,1
1,4369704,1070,532702,1,0,4,1,1,1,26,4,0,2,438,1,19,4,5,3
2,10510060,1590,1218317,57,80,3,1,1,0,74,15,0,1,171,0,0,1,2,0
4,7803942,1386,1000602,1,52,2,1,1,3,32,5,0,1,380,0,0,4,8,3
2,12128042,1699,1374795,3,113,1,1,1,1,24,4,0,0,312,0,0,1,1,0
5,10344930,1578,461418,1,575,5,1,1,1,46,6,0,0,15244,0,0,33,35,1
1,7542017,1362,960551,1,1,1,1,1,2,35,7,0,1,175,1,0,0,1,0
1,5128798,1152,324070,1,309,2,1,1,1,138,27,0,0,784,0,0,2,7,1
1,2933633,879,353393,1,0,3,1,1,1,16,3,0,2,870,0,0,5,5,2
1,11608021,1665,734304,896,447,2,1,1,1,33,6,1,1,922,0,0,8,6,3
2,12190098,1703,1618490,14,7,1,1,1,1,29,5,0,0,774,4,5,0,5,0
1,9910122,1548,1066098,1,123,3,1,1,0,63,14,0,2,106,0,0,2,2,1
3,3478078,955,419673,1,0,2,1,1,0,35,6,0,1,349,0,0,1,4,0
2,8088821,1410,402484,27,472,2,1,1,1,46,8,0,0,745,1,18,1,2,0
1,913667,512,108869,20,29,3,1,1,2,53,4,0,0,81,0,0,0,1,1
3,6861971,1304,782809,1,55,2,0,1,3,86,14,1,0,2176,0,0,0,19,5
1,12305592,1710,675118,347,532,1,1,1,1,53,10,0,0,337,0,0,1,1,0
5,8308450,1428,999222,6,42,2,0,1,0,52,6,0,1,1104,0,0,0,13,2
4,10166297,1566,1335102,1,0,1,1,1,1,34,5,1,0,382,0,0,0,5,1
5,9736505,1536,1147410,100,63,1,1,1,1,21,3,0,1,327,0,0,1,2,0
1,4863644,1127,66975,1129,714,3,1,1,1,32,6,0,0,376,0,0,0,6,2
3,1392956,616,4834,1151,367,3,0,1,3,36,7,1,1,135,0,0,1,2,1
1,5574033,1191,183717,955,550,3,1,1,1,45,6,0,3,1372,2,27,4,6,1
1,9724229,1535,365251,2954,642,2,0,1,0,52,8,0,0,59,0,0,2,1,0
3,10871925,1615,705762,24,417,5,1,1,2,65,13,0,0,1497,0,0,0,19,5
1,6651677,1287,201618,331,615,2,0,1,0,41,6,0,2,236,1,1,1,2,1
2,4918222,1133,591790,1,10,3,1,1,1,39,6,0,1,97,0,0,2,2,0
1,7336681,1345,933096,1,0,4,1,1,1,56,12,0,2,355,0,0,2,6,1
1,1769526,689,215234,1,0,1,0,1,1,78,15,1,1,743,1,2,0,3,0
1,1773013,689,2172,1117,457,2,1,1,2,94,15,1,0,843,1,2,1,7,2
5,12424261,1718,1659987,3,4,5,1,1,1,31,6,1,3,316,1,1,2,3,1
1,5811604,1212,217289,1,520,2,1,1,0,98,15,0,0,583,0,0,0,3,0
3,3733069,990,293552,13,186,1,0,1,2,34,6,1,0,1168,0,0,0,16,5
4,11994053,1689,938244,70,341,3,1,1,1,83,15,1,1,831,0,0,8,7,2
3,10865308,1614,1432653,9,0,4,1,1,1,80,13,1,0,178,0,0,3,3,1
3,1068002,547,52026,264,175,3,1,1,1,32,6,0,1,941,0,0,1,8,2
1,11965338,1688,1419130,16,80,3,1,1,1,44,9,0,1,269,0,0,1,2,1
5,8321908,1429,338961,504,567,1,1,1,2,50,9,0,1,507,4,5,1,8,0
2,12341322,1713,1650705,1,3,1,1,1,0,44,6,0,1,257,0,0,1,5,1
1,5152534,1155,322355,2694,313,3,1,1,2,56,10,0,0,356,1,3,0,3,1
3,2322054,784,269821,85,14,4,1,1,1,27,6,1,0,287,0,0,5,2,2
1,140899,269,2424,375,35,4,1,1,2,26,5,0,1,518,0,0,5,7,2
3,9089326,1492,963156,77,129,5,1,1,1,23,4,0,1,926,0,0,5,8,5
4,8986678,1484,706105,34,285,5,0,1,3,44,7,0,1,367,0,0,0,5,1
1,3754118,993,6536,45,735,2,1,1,1,62,8,1,0,757,3,4,0,9,2
1,10728264,1604,1279820,261,64,2,0,1,0,50,8,0,0,892,0,0,0,9,1
2,9476735,1519,95873,646,1038,4,1,1,1,21,5,0,0,162,0,0,1,3,1
5,9486196,1519,964141,13,155,5,1,1,1,123,22,0,0,1622,0,0,6,18,0
1,10130338,1563,1186518,1,69,1,1,1,1,53,10,0,1,1440,3,1,0,6,1
1,11343146,1647,699082,531,453,1,1,1,0,39,7,0,0,982,3,10,0,5,1
1,4565609,1094,242934,397,360,2,0,1,2,34,5,0,0,984,1,3,0,4,0
1,9750340,1537,1274556,1,0,3,1,1,1,32,5,0,0,197,0,0,1,1,1
1,9619001,1528,199700,1708,859,4,1,1,1,53,9,0,2,554,1,0,3,3,1
2,10976808,1623,1448465,1,0,3,1,1,3,60,9,1,2,382,0,0,3,5,1
1,11066929,1628,532797,2333,558,3,1,1,2,50,9,0,2,680,3,7,2,8,2
1,7764407,1382,949829,115,27,4,1,1,1,95,17,0,1,2314,3,47,5,5,1
1,249448,303,4490,430,56,3,1,1,1,44,7,0,0,572,1,0,0,6,1
4,10267277,1573,780787,46,325,2,0,1,1,56,10,0,1,635,2,2,1,7,1
3,2357442,790,233421,288,74,4,1,1,1,56,10,0,2,90,0,0,2,2,1
2,12589585,1729,1257771,1454,201,2,1,1,0,27,6,1,1,265,0,0,2,5,1
1,11170886,1635,1459161,108,8,3,1,1,1,41,5,0,0,1469,1,2,5,15,1
1,1500689,638,14114,589,378,3,1,1,1,30,5,0,0,1132,1,0,1,5,2
1,9594749,1527,1229731,1,12,3,1,1,3,27,6,0,0,242,0,0,0,3,0
5,6585795,1281,78077,580,843,2,1,1,1,57,11,1,1,64,0,0,1,1,1
2,10379992,1581,1365248,1,0,2,1,1,3,55,9,0,0,334,0,0,0,2,0
1,10279436,1574,1260383,131,44,4,1,1,1,36,6,0,0,758,5,4,0,11,1
3,925219,514,89556,529,48,3,1,1,1,63,10,1,2,226,0,0,5,4,3
1,2672074,840,175296,353,214,3,1,1,1,55,11,0,2,1292,0,0,5,8,1
2,11469920,1655,1455704,13,29,3,1,1,1,41,8,0,0,219,0,0,1,4,1
1,9191093,1499,1174759,1,11,1,1,1,0,44,8,0,0,1593,1,12,2,4,0
1,1766099,688,207072,3,10,5,1,1,3,45,7,1,0,1440,2,3,1,11,3
1,9515016,1521,1242448,1,0,4,1,1,3,77,13,0,2,2452,6,38,6,11,0
1,2735685,849,328637,1,0,3,1,1,1,45,7,0,1,1129,3,11,4,11,0
2,4775998,1118,448732,16,130,4,1,1,1,55,9,0,0,391,0,0,1,3,1
2,9708783,1534,190894,56,880,2,1,1,1,45,7,1,1,652,1,0,4,3,1
1,1653527,669,80954,928,330,2,1,1,3,31,7,0,0,1488,2,12,2,7,1
1,12007697,1690,432368,721,721,4,1,1,1,68,12,0,2,1223,1,19,1,3,1
2,12798088,1743,1579075,6,63,2,1,1,1,24,4,0,0,526,2,2,0,7,3
3,3453427,952,415662,66,0,3,0,1,3,32,5,1,0,2027,0,0,2,11,0
3,10310291,1576,1055001,52,158,2,1,1,1,37,6,0,1,75,0,0,1,1,1
1,8610657,1451,754087,167,221,4,1,1,1,38,6,0,3,1092,1,13,6,5,1
1,1326942,602,41543,647,270,1,0,1,3,35,4,0,1,314,1,0,0,2,0
1,6169646,1244,672118,38,67,3,1,1,1,22,3,0,0,465,1,4,0,4,1
1,1145529,563,125601,36,28,5,1,1,1,51,6,1,0,362,0,0,2,3,1
3,9710395,1534,76487,829,1099,1,0,1,0,47,7,1,1,294,0,0,2,4,0
1,1102752,555,36189,218,240,2,1,1,1,26,4,0,1,637,2,7,2,4,0
3,7632591,1371,640847,114,214,5,1,1,1,46,7,1,1,1618,0,0,6,14,0
1,8946734,1480,1161299,1,0,3,1,1,1,58,14,0,2,767,0,0,4,4,1
4,12687847,1736,1713929,1,0,3,0,1,0,66,13,0,1,192,0,0,2,5,1
1,3039449,895,366549,1,0,2,0,1,0,36,5,0,1,217,0,0,1,2,1
1,8473064,1441,456218,390,444,1,0,1,0,59,11,0,1,1586,1,52,1,2,0
2,8790741,1469,255260,611,718,2,1,1,1,39,7,1,0,1092,0,0,1,9,1
1,10342319,1577,232580,38,862,2,1,1,1,70,12,0,1,439,0,0,0,5,1
1,8698192,1462,1094837,35,20,2,1,1,1,17,3,0,1,339,2,1,1,5,0
4,11260668,1641,1074734,137,211,2,1,1,0,56,9,0,1,321,0,0,2,4,0
4,9691991,1533,1046344,1,120,3,0,1,3,32,4,1,1,456,0,0,1,2,0
2,8709671,1463,859235,45,163,1,1,1,0,37,6,0,1,772,1,1,0,3,0
4,12645312,1732,1705368,1,0,4,0,1,0,31,4,0,1,23994,4,9,6,172,0
1,12101508,1696,127954,744,1156,3,0,1,3,46,9,1,0,1057,2,7,0,8,1
2,11913179,1684,1577032,2,6,2,1,1,1,17,3,0,0,684,1,2,0,3,2
1,7522328,1360,179362,439,726,1,1,1,1,42,9,1,1,1340,6,22,1,15,3
1,7136346,1328,866821,1,23,1,1,1,0,48,8,0,1,217,0,0,2,3,0
2,6272539,1253,721844,1,45,2,1,1,2,25,3,0,0,379,0,0,1,4,2
1,5046795,1144,196688,545,480,2,1,1,1,41,5,0,0,645,2,3,1,5,1
2,5105416,1150,631803,1,0,5,1,1,2,31,6,1,0,215,0,0,2,4,0
1,10408219,1583,438822,354,606,3,1,1,1,15,3,0,1,1618,2,43,2,4,0
1,12311148,1711,1576962,32,32,4,1,1,1,34,5,0,1,497,1,5,3,6,1
2,10009858,1555,1208536,54,411,3,1,1,0,67,13,1,2,112,0,0,1,1,0
1,8189991,1417,1235929,85,45,3,0,1,3,63,11,1,1,476,1,0,3,5,1
1,10401625,1582,1206635,4,78,2,1,1,1,58,11,0,1,2020,1,47,0,1,0
3,4436284,1078,534718,1,5,2,1,1,3,32,6,0,1,79,0,0,1,1,0
1,1966640,726,239243,1,0,3,1,1,1,22,2,0,0,794,0,0,0,8,2
3,95868,261,8815,81,3,2,0,1,0,27,6,1,1,874,0,0,2,4,0
2,6514153,1274,820122,1,0,2,1,1,1,32,5,0,2,310,1,0,1,3,0
2,11273894,1642,1323326,22,81,2,1,1,1,36,9,1,2,188,0,0,3,3,1
1,6545473,1277,218481,17,582,4,1,1,1,65,11,0,3,1155,2,3,9,9,1
2,8016897,1403,1009549,18,12,1,1,1,1,46,9,1,1,314,0,0,1,2,0
4,3080896,901,183528,6938,260,2,1,1,3,57,11,1,1,297,0,0,3,6,2
2,11517857,1659,1530973,1,0,2,1,1,1,36,8,0,1,2215,4,29,0,7,0
1,10207167,1569,334250,86,713,5,1,1,1,50,8,0,3,2316,3,22,13,11,1
4,5180797,1157,642977,1,0,2,0,1,0,54,9,1,2,231,0,0,2,4,0
1,3119858,906,287793,171,111,3,0,1,3,83,14,0,2,532,1,3,4,6,1
5,3161796,912,381549,1,0,5,1,1,2,27,4,0,2,262,0,0,2,3,1
1,7340013,1345,933519,1,0,2,1,1,1,41,8,0,0,340,0,0,0,2,0
3,4053996,1032,470433,33,21,5,1,1,1,31,5,0,1,221,0,0,3,2,1
1,12159555,1701,463978,525,696,4,1,1,3,36,6,1,1,559,0,0,0,4,3
1,8108793,1412,515054,2839,356,3,0,1,1,56,9,0,0,580,2,10,0,4,1
1,2836247,864,132378,58,316,1,0,1,1,31,6,0,1,416,0,0,0,2,0
1,2013702,736,65393,2067,328,4,1,1,1,42,9,1,0,1170,6,15,0,11,1
4,10368937,1580,753603,2871,350,5,1,1,2,35,5,0,1,579,0,0,4,5,1
4,10624068,1597,1349029,46,24,1,0,0,0,39,6,0,0,298,0,0,0,4,2
1,1277690,591,156292,3,0,2,1,1,1,29,5,0,2,553,0,0,4,3,0
4,10321555,1576,1302360,23,26,2,0,1,1,17,2,0,2,413,0,0,3,6,1
1,9689995,1533,678860,56,352,2,0,1,1,90,13,0,1,366,0,0,1,5,0
1,862169,499,72420,553,74,3,0,1,1,40,6,0,1,766,2,0,1,10,1
3,8577026,1449,1066113,27,24,2,0,1,0,26,6,0,0,556,0,0,0,8,0
4,3165976,913,231285,53,199,3,1,1,1,32,7,0,1,910,0,0,3,11,1
4,1754270,687,213551,1,0,4,1,1,0,35,6,1,1,2123,0,0,0,22,3
2,7221482,1335,916507,1,0,3,1,1,1,26,4,1,1,649,2,9,2,2,0
1,2691707,842,82098,286,393,2,1,1,1,72,13,1,1,651,1,0,1,4,0
4,10831710,1612,587415,432,492,2,1,1,3,26,5,0,1,483,0,0,0,6,0
4,3483776,956,155137,3390,366,4,1,1,1,35,5,0,0,2208,5,14,0,19,2
4,10685034,1602,677825,453,460,5,1,1,3,33,7,0,2,384,2,1,3,4,0
1,12632130,1732,1090319,45,293,3,1,1,1,68,11,0,0,1807,2,30,0,6,2
1,6137465,1241,548520,43,156,4,1,1,1,44,6,0,1,388,1,0,3,4,1
1,11164028,1634,1128551,313,171,4,1,1,1,57,10,0,1,465,0,0,3,5,1
1,3008634,890,84424,1166,436,2,0,1,3,83,18,1,0,2470,4,20,0,13,2
4,4476884,1082,546823,1,0,4,0,1,0,34,5,0,1,608,0,0,2,6,2
1,5215691,1161,596256,12,35,4,1,1,1,33,6,1,2,330,2,5,5,8,0
5,12762761,1740,1723626,1,1,3,1,1,1,74,11,0,0,2069,3,32,1,6,0
1,9212585,1500,117474,30,979,2,1,1,2,60,10,0,1,785,1,4,3,8,1
1,9060007,1490,175374,1,863,3,0,1,3,50,11,0,1,149,0,0,1,2,1
1,6941483,1311,865162,210,8,3,1,1,1,27,4,0,0,1085,2,0,0,13,4
2,10121698,1563,1291538,5,17,4,1,1,1,65,13,0,1,205,0,0,1,2,1
3,11964618,1688,1599841,1,0,5,1,1,1,81,17,0,0,635,0,0,3,3,3
1,4723174,1113,240215,865,384,2,1,1,1,25,4,0,0,443,1,3,0,3,0
1,8290041,1426,804670,54,162,2,0,1,2,43,6,1,0,477,2,7,0,5,2
2,10292776,1575,122536,4172,1045,1,1,1,1,35,6,0,0,375,1,0,0,3,1
1,6568750,1280,548701,65,196,4,1,1,1,85,8,0,2,1782,3,3,4,9,0
1,7985971,1401,1026154,1,0,2,1,1,1,61,12,1,1,1974,1,6,1,14,1
5,12761782,1740,141669,14,1173,4,1,1,1,85,12,0,0,2719,7,33,0,13,0
1,6701171,1290,586096,1,172,2,1,1,1,89,15,1,0,645,0,0,1,10,2
2,765922,474,75893,1,40,2,0,1,0,52,8,0,1,666,0,0,2,2,1
3,11798541,1676,1574404,1,0,3,1,1,0,116,22,1,0,969,0,0,4,10,1
1,10922064,1618,1346013,53,47,2,1,1,1,40,10,1,1,771,1,8,1,5,0
3,8045523,1407,126855,2821,868,3,1,1,1,35,6,1,1,469,0,0,3,3,1
3,8768742,1467,1135780,1,0,4,1,1,1,46,6,0,3,310,0,0,4,5,1
1,11957256,1687,1598667,1,0,4,1,1,2,62,8,0,2,489,3,4,3,4,0
3,11393114,1651,944717,111,298,3,1,1,1,45,8,0,3,333,0,0,2,5,2
1,11945283,1687,1489378,64,46,3,1,1,1,55,8,0,1,848,0,0,5,6,0
1,5741082,1206,131560,419,658,4,1,1,1,81,18,1,0,529,0,0,1,11,4
3,8058551,1407,311660,6087,706,3,1,1,1,60,8,1,1,325,0,0,1,3,2
2,12069958,1695,1616475,1,0,1,1,1,0,43,8,0,0,319,0,0,1,5,0
4,6818121,1301,861819,1,0,4,1,1,1,24,5,0,3,97,0,0,3,1,1
1,10180703,1567,735035,35,349,2,1,1,1,56,10,0,1,957,1,22,1,3,1
1,5752210,1207,583018,39,91,5,1,1,0,55,10,1,1,1580,1,33,0,3,3
1,5774247,1210,329700,466,359,3,1,1,1,72,13,0,2,659,5,3,7,10,1
2,10975984,1623,148978,2130,1044,2,1,1,1,80,15,1,1,182,1,2,0,4,2
1,12234113,1706,650521,83,543,2,1,1,1,27,5,0,1,240,0,0,3,3,1
5,10438603,1584,1352485,46,9,3,1,1,1,65,13,0,1,1003,1,0,4,8,0
1,7678118,1374,377381,109,466,3,1,1,2,34,6,0,1,1627,1,15,0,3,1
1,12454787,1721,1354877,53,145,3,1,1,1,53,10,1,1,589,4,10,2,9,3
4,9984103,1553,622194,107,409,3,0,1,3,51,9,0,0,1067,0,0,6,12,1
1,10849609,1613,978647,11,240,2,0,1,3,64,8,0,0,1540,0,0,0,12,0
1,8627532,1453,1040364,32,44,3,1,1,1,49,9,0,0,1747,2,42,2,3,0
1,8276374,1425,667457,163,251,3,1,1,1,56,10,1,1,317,0,0,1,3,1
2,9061913,1490,1174926,1,2,1,1,1,1,41,5,0,0,658,1,0,0,13,1
1,6302718,1256,712923,104,52,1,1,1,2,57,10,1,0,442,0,0,0,6,3
5,11667392,1668,822673,106,392,1,0,1,2,23,4,0,0,146,1,0,0,1,0
1,11011870,1625,1433812,1,9,2,0,1,3,52,9,0,0,682,1,0,1,7,1
1,6556221,1278,255461,177,527,2,1,1,3,33,4,0,1,1454,4,30,0,4,1
2,3334071,937,402164,1,0,1,1,1,1,82,11,0,1,233,0,0,0,3,1
1,7973402,1400,11173,3725,1141,4,0,1,0,26,4,0,1,502,0,0,3,5,0
2,11322749,1646,1500550,1,0,2,1,1,1,20,4,0,1,211,0,0,1,1,1
1,6377105,1262,508666,2812,212,2,1,1,1,49,8,0,0,1234,3,14,1,7,1
4,12349413,1714,1109842,3,263,3,0,1,3,45,8,0,0,163,0,0,2,1,1
1,9770411,1539,938350,746,190,3,0,1,2,45,10,0,2,12730,2,163,2,4,1
3,2124734,753,257563,1,0,1,0,1,0,62,13,0,0,3388,0,0,0,6,0
1,10847936,1613,1430318,1,0,1,0,1,0,28,5,0,0,1586,4,16,0,9,0
4,12572667,1728,1695541,1,0,4,1,1,2,50,8,0,1,477,0,0,3,7,3
1,5260155,1164,530689,28,95,3,0,1,0,76,14,0,0,492,0,0,1,3,1
3,564755,415,63235,46,13,3,1,1,1,43,9,0,3,258,0,0,4,3,0
1,6306533,1256,350685,1174,380,2,1,1,0,30,5,0,1,3480,3,72,1,9,0
2,11811975,1677,1337007,24,110,1,1,1,1,29,4,0,0,206,1,2,2,2,1
3,10896087,1617,1130111,1,152,1,1,1,2,38,6,0,0,144,0,0,1,2,0
4,8797703,1470,990394,12,90,1,0,0,0,32,9,0,0,158,0,0,0,4,1
1,7568125,1365,522728,73,303,3,1,1,1,38,6,0,0,1004,5,12,4,6,0
1,6962014,1312,186244,121,666,2,1,1,0,36,6,0,1,586,1,18,1,2,1
1,7109340,1325,25358,785,1046,4,1,1,1,66,9,1,0,1346,0,0,10,10,3
2,11887298,1682,1588071,1,0,4,0,1,1,24,5,0,2,276,1,0,2,2,0
1,4204145,1051,351170,1,174,3,1,1,1,66,11,0,2,743,2,20,2,3,0
3,4947584,1135,610050,1,0,2,1,1,1,29,6,0,2,159,0,0,2,2,0
1,1028139,538,9951,6577,279,3,1,1,1,63,12,1,1,791,2,9,1,6,0
2,12677946,1735,1471938,71,102,4,1,1,1,31,5,0,0,222,0,0,3,3,0
2,10081217,1560,1318915,13,2,2,0,1,0,33,5,0,1,486,0,0,2,6,1
1,10303807,1575,179137,44,942,3,1,1,0,58,8,0,1,422,0,0,2,3,1
3,9143080,1495,798162,33,235,5,1,1,1,34,6,1,3,219,0,0,2,2,0
2,10686294,1602,965145,46,238,2,1,1,1,39,6,0,0,412,0,0,4,5,0
3,12365078,1715,1276262,31,177,3,1,1,1,52,8,1,0,905,0,0,3,7,3
1,7505497,1359,315200,367,559,2,1,1,1,40,5,0,1,241,1,0,0,4,2
1,8577295,1449,1108064,1,0,4,1,1,0,45,7,0,1,252,1,0,2,5,1
